{"timestamps":[0.383798,27.2000523,54.1422809,80.666482,107.1169947,133.7253559,159.6398032,186.0082357,212.4093883,238.1364709,265.6398406,293.3934728,321.268046,348.666586,375.8737952,403.687827,431.4925631,459.4796065,487.5659873,515.119596,542.6869306,570.6217917,598.4671181,626.3787828,654.0348204,682.0145339,710.1893525,738.5013944,766.2291729,795.3811629,821.8174303,849.6980265,878.0600942,906.0787569,933.9495676,961.9505655,990.0540766,1018.2335019,1046.1516999,1074.0270574,1101.7068722,1129.7060639,1157.6879408,1185.8140621,1213.3577286,1241.7135815,1269.4517478,1297.4580523,1325.1272553,1352.9198412,1380.6820092,1408.3146371,1435.6782764,1463.7407218,1491.2433111,1519.287361,1546.8652558,1576.4090193,1604.3003476,1630.662596,1658.4585372,1686.4715935,1714.6048703,1742.0096742,1769.7045063,1797.6676457,1825.4573344,1853.585681,1881.635737,1910.1347175,1938.2273806,1966.2227165,1994.4758848,2022.9048088,2051.4034321,2079.4205009,2107.7154308,2135.2736366,2163.6656401,2191.9229943,2220.2496325,2248.2251321,2276.6342772,2304.9505656,2333.1662649,2361.4561449,2389.3109214,2417.072468,2445.3858679,2473.4373966,2501.8942036,2529.6319926,2557.9336423,2585.8697028,2614.217566,2642.3013845,2670.4259722,2698.8700579,2727.1034827,2755.5218327,2783.6036345],"bandwidth":[3370910.042368462,3182518.611435032,3136218.3406414855,3083648.2660192344,3037516.9763851394,2932358.790272665,2942669.8974527773,2987145.6968957935,2957246.5628743037,3049316.275036147,3045306.3757472467,3008070.967215336,2966021.138429029,2968960.6042254684,2945185.369810512,2974109.512291726,3015257.6426550727,3066481.2800085144,3099640.914386145,3087260.071400384,3095226.188737917,3140138.667579253,3137645.668897669,3114862.7842480834,3132241.729335346,3156262.510784204,3164355.517927148,3107875.420225608,3081952.675564913,3063699.7639687536,3041694.94519597,3042464.48537347,3042120.475357323,3066323.820193117,3089078.800749519,3087945.550324391,3088236.4735011836,3066438.555771115,3064747.844815314,3064559.6317320266,3065559.852009102,3083010.8463314404,3062713.643849379,3064290.841568558,3064657.3686269303,3061455.11535138,3062577.2093891227,3061950.833240779,3063543.8357560253,3065100.74617955,3047280.7153358706,3061578.282451554,3048159.3306515287,3063351.067306168,3088553.406317379,3087531.4202522407,3084318.5529152025,3065236.117099129,3065967.4535243707,3066437.934464788,3065256.8048153697,3064218.2017320264,3063980.2966031516,3068637.3332595797,3086264.570366385,3084528.9636488403,3088663.263311432,3089169.4540172718,3089386.636153149,3089540.546208577,3089611.2047242643,3089721.456260276,3090065.1532580163,3091300.8511817446,3089809.2016283823,3089645.922810844,3090879.281209222,3094361.0235321084,3092914.182235378,3097696.2224581935,3109330.879123471,3110773.540864381,3110800.225112719,3110536.53343,3110406.963914805,3109951.085471618,3109191.630417486,3109382.015304483,3109903.6407866934,3110883.4441394634,3111337.0700841914,3109972.587478674,3109944.1755287307,3109378.930022814,3109957.4078086573,3110368.394215117,3109846.0428628973,3110217.7086709207,3110060.8458464416,3109770.751472338,3110111.297021558],"rtt":[0.6186309743340224,0.5343911808476945,0.454140024120882,0.3895504762819517,0.3548952685584256,0.31265599791884513,0.2819134747848256,0.2653872965505935,0.2548952264179464,0.235112798870096,0.23009831935174094,0.2210955615496361,0.2156844707781474,0.21229624245641715,0.2106359884010331,0.21135666227147046,0.20907588935594607,0.2000656354237858,0.20204075499243565,0.2010276580868189,0.2020135905024971,0.20524846508788658,0.20127433067684575,0.19807254318827264,0.19652676280191628,0.1987091492888709,0.1992717099163251,0.19600445995891114,0.19422132705812262,0.1939127344360174,0.1928920071703733,0.19337928077467617,0.19327396882451128,0.195016122004744,0.19694300497183775,0.19677493507016658,0.19869101247286855,0.1962078708165151,0.19449312663396331,0.1941141211002987,0.19605815922741923,0.1961733192049613,0.19457741123674704,0.19475865044934654,0.19446083303089623,0.19399282523173683,0.19479764070907388,0.1939081589991312,0.19428624399568076,0.19466556464091006,0.19423276244622964,0.19414103340762331,0.19586476558771224,0.19462417893858483,0.1957503309242936,0.19586121916921695,0.19725391230683126,0.19556237421965522,0.1949887240586313,0.1951695270051734,0.19470490162473814,0.19468086334891882,0.19445307461636588,0.19475541768905275,0.1959937231910252,0.19490905484868476,0.19744694207478725,0.19839552778805558,0.19616546732396994,0.19639891749757654,0.19856780619752393,0.19923244023656406,0.196236789919743,0.1988779444644474,0.19784867477356333,0.19698075174589777,0.1979070413559435,0.19876999549488,0.19681127881095012,0.19636978631705773,0.19707624214244746,0.19970621782358122,0.1968083980770334,0.19737359370717147,0.19687976944183921,0.19682433190265267,0.1973603214149528,0.19743725421668254,0.19789162880984748,0.19913857406679975,0.1973368774573843,0.1969058736872382,0.19783926244013997,0.1974735900930159,0.19760126932068667,0.19735800661154174,0.1990430256008974,0.19702637195461759,0.1972713073818761,0.19787450582365634,0.1990262708490483],"utility":[28.999635198802725,28.994011855548763,29.009272497568837,29.01787422800976,29.0186506324636,29.006979185294075,29.020382003227837,29.038395323112027,29.0350951736239,29.066862864073318,29.06788970241518,29.062219882683994,29.053472295398883,29.055705998391396,29.050347873738037,29.05712939851349,29.06751827988882,29.082342394961287,29.089918098060558,29.087020715897058,29.08951482146735,29.098119936821533,29.097595339013214,29.09231412679977,29.096196983137972,29.10081841169132,29.102815270853302,29.090205052746988,29.08437863536672,29.080595049122916,29.07563435955584,29.07552894619382,29.07596169323616,29.081320066489535,29.085885533282013,29.085685676205234,29.085628128984215,29.08092008073708,29.080869642397897,29.08085784738286,29.080625257099154,29.08460193177723,29.080656875210032,29.080820453809054,29.081286202445515,29.08034045337415,29.080303878179866,29.080615336291405,29.080932396088162,29.080880828508725,29.076919395196864,29.080213018923008,29.076730143827586,29.080973384709846,29.086551778976375,29.086095637866194,29.08494501542907,29.081016985379772,29.081420626315808,29.081053223041536,29.081484175159606,29.08085564632957,29.080896759548747,29.08233049739597,29.08579269442659,29.085725185760108,29.086068176088887,29.08594651870044,29.0863180262675,29.08652465183212,29.0860516743803,29.085558786569216,29.086604288452538,29.086417317833867,29.086195421975606,29.086384395458307,29.086587533001858,29.087130772284315,29.087306139767332,29.088641763594094,29.0910735746526,29.090742804928006,29.09144231683376,29.09128674812119,29.091354531614776,29.091458121568177,29.09088661706718,29.09078875158518,29.090875291330395,29.09090741332431,29.091888258835347,29.091361877403436,29.091044550405137,29.09092590518245,29.09122668525053,29.091406826417845,29.090672577056072,29.091378194477112,29.091364950724106,29.090798501794566,29.090722649123425],"trainer_config":{"iters":2000,"updates_per_iter":5,"num_minibatches":4,"min_point":{"ack_ewma":"0ms","send_ewma":"0ms","rtt_ratio":1.0},"max_point":{"ack_ewma":"500ms","send_ewma":"500ms","rtt_ratio":5.0},"min_action":{"window_multiplier":0.0,"window_increment":0,"intersend_delay":"0.25ms"},"max_action":{"window_multiplier":1.0,"window_increment":256,"intersend_delay":"3ms"},"hidden_layers":[32,16],"entropy_coefficient":0.01,"value_function_coefficient":0.5,"learning_rate":0.0003,"learning_rate_annealing":true,"clip":0.2,"clip_annealing":true,"weight_decay":null,"discounting_mode":{"type":"continuous_rate","half_life":"1s"},"bandwidth_half_life":"100ms","rollout_config":{"network_samples":100,"run_sim_for":"60s"},"repeat_actions":{"type":"uniform","min":0,"max":200}},"network_config":{"Remy":{"rtt":{"type":"uniform","min":"100ms","max":"200ms"},"bandwidth":{"type":"uniform","min":"10Mb/s","max":"20Mb/s"},"loss_rate":{"type":"always","value":0.0},"buffer_size":null,