{"timestamps":[0.3532308,13.4697599,26.8617152,40.504112,54.5025826,68.7404943,82.6930703,95.966463,109.4575396,122.8993296,136.737876,150.7070388,164.1240176,177.9622973,192.0107996,205.7559222,219.4628962,233.3601958,248.4319906,262.7979378,276.8960592,290.8186398,304.7590303,319.1579849,332.7072539,346.1299443,359.8863268,373.246368,387.4535594,402.6656999,415.5771929,429.4871082,443.1827372,456.8853432,470.6880997,484.650809,498.4678922,512.1194691,525.6442663,539.5777142,553.3898894,567.0823662,580.7217598,594.3811436,607.9096752,621.601161,635.6673737,649.0456692,663.0915277,677.1007957,691.157042,704.90468,719.0505445,733.2247895,747.1062683,761.0772311,774.9800804,790.0086391,804.1506724,816.8011052,830.4648477,844.2849649,858.1680644,872.2690154,886.01605,899.8359019,913.9396949,927.6891554,941.6014706,955.7024371,969.6878956,983.4817452,997.3176261,1011.5012349,1025.3002912,1039.2674681,1053.4859584,1067.6690986,1081.722717,1095.5260883,1109.7071219,1123.5725869,1138.0240042,1152.0212362,1165.8759038,1179.8374022,1193.8411655,1207.704885,1221.5421368,1235.957571,1249.9335241,1264.3713745,1278.4011655,1292.5142588,1306.4448917,1320.4983319,1334.6304468,1348.7713749,1363.0729558,1377.2773918,1399.1619698],"bandwidth":[3155202.69259894,3065737.8967192858,3088997.3984860377,3143187.3196389675,3072682.43773633,3087279.6110549993,3076656.1378237135,3076206.5814235467,3058525.749090008,3085573.7574946317,3127914.6726396657,3179051.4479431356,3173106.523317632,3169823.3348619253,3068538.1358804787,3077570.6301647853,3077387.7428224967,3069651.885864453,3064897.6399025316,3065056.8113358347,3060726.4988775854,3102513.400049438,3030057.24526872,2998956.053457019,3053752.5729189888,3076502.9133050083,3109992.263558258,3125088.5265992144,3066560.791658362,3038366.84172988,3042951.497614545,3052663.5005488577,3067635.312868179,3077585.6700997753,3091567.245519766,3074996.1910124687,3086810.505980238,3058086.1673205188,3053276.8903361764,3034869.47732695,3041857.6156494906,3079693.2380136396,3093354.06049232,3111240.1575378804,3124068.5308138486,3132476.2075679917,3145342.417722804,3154589.9088046397,3142348.092315617,3153272.4649922815,3159737.0358481514,3180615.2938230736,3187381.561203957,3192483.9292324274,3192065.5563927465,3210664.186358065,3221789.3509705258,3220484.9535364006,3214072.6103256275,3217643.2052066918,3228869.966757673,3246823.416259946,3248135.16549996,3242847.8107227827,3249906.0926086744,3259179.445938559,3239602.954176606,3241632.425090756,3238280.5762624345,3226439.7456090255,3226871.0147147146,3224068.8408216145,3217539.3539147135,3228503.6993411714,3238637.37757615,3225106.4334553834,3244444.463060039,3249660.187228034,3239543.5611417005,3245335.723094331,3235511.9146063644,3230251.9452521177,3227479.2047043205,3225643.5851784446,3233590.384622231,3230648.230632733,3232928.5122258523,3232605.2309780107,3234369.8884254084,3234427.225012678,3238948.1241114675,3238234.9769620616,3238220.464593699,3238324.3294251417,3238704.6455483744,3239006.0416332167,3239518.663060684,3239111.9457058543,3241021.3568747533,3242725.0233951663,3241468.269770667],"rtt":[0.6145410894185144,0.5610999729519495,0.5213712559318732,0.5126973265024011,0.4796226142897646,0.4380254921885581,0.4376991215277997,0.4235460105626861,0.3946013773620992,0.37842134374856984,0.36849719984578183,0.3672349583903486,0.35759139194436773,0.32612684071679365,0.310433425658216,0.30111878489557525,0.295721159854156,0.2716809073387784,0.25687058349755654,0.24570314004770968,0.23516326462291062,0.23358632554051378,0.23858852618380605,0.2425596780124934,0.22690541566858335,0.22412649456192069,0.22239069124679897,0.2211562689984544,0.22011568951965207,0.21887029099927308,0.21850076022417209,0.21710261880681028,0.2156988993779539,0.21306249112403955,0.21281078441176093,0.21196794539914512,0.21281174944407638,0.21143075533505026,0.2127841736955401,0.21487968887773096,0.21385422148833527,0.21443117512099824,0.21643065379951257,0.21659983440050573,0.2155536654907192,0.21504780642099694,0.21393721413366076,0.21570706251962382,0.2141839441352493,0.2145715059796718,0.21458425161994513,0.2150355468293675,0.21602616091757817,0.21638255591361125,0.21475176102031915,0.21500576140704922,0.21554401522063965,0.21435533821881275,0.21460151449531006,0.21466871145121952,0.21545498079327494,0.21602633471665725,0.21568937279685063,0.2150623562694007,0.21546404483776063,0.21572102067348867,0.21481369182617727,0.21526078598121398,0.21519953996569996,0.21529367340457428,0.21497354394265678,0.21484810706401167,0.21450389719831367,0.21452658175040926,0.2151989458753101,0.21494344675262828,0.21599517460914588,0.2163613817980187,0.2159988791028452,0.21581826522484576,0.21517560008737355,0.2148418568030505,0.21510385960436493,0.2147558713147371,0.21499770623016223,0.21508591819547268,0.2148527690980786,0.2152682318824909,0.21518185010144436,0.21508301601668464,0.21546781765712686,0.21554462125086674,0.21557157803799895,0.2154733561781117,0.21545798399962593,0.2158638728051894,0.21578494140214968,0.2155902064095882,0.21575391782937253,0.2158182265081773,0.21578696703907235],"utility":[28.962330973846004,28.961273270602803,28.980567859068522,28.996146588936035,28.989750087162484,29.00522097929213,29.003022194334733,29.00747945147289,29.012321599426805,29.023653983563932,29.037061950340274,29.049288283665625,29.051169364530562,29.061420173803988,29.04329473304607,29.04892829017238,29.050938307134082,29.05778568256632,29.061575772680392,29.066224241755148,29.068961951430556,29.080250577361234,29.061065111524005,29.051265757714468,29.070835455878697,29.077283551212236,29.08575264914136,29.0904321360256,29.076336564396374,29.06946394072903,29.070475474818917,29.073241417306164,29.076850096313645,29.080796917495526,29.083359673634416,29.078981858322315,29.08192780401464,29.07413625407393,29.073821682495293,29.068277099704346,29.069793580785646,29.079047952662613,29.081164132578408,29.08556395473918,29.08931746699596,29.091634769601733,29.094823540191026,29.095975709587087,29.093972468564257,29.09693972894781,29.09802621370019,29.101725915339628,29.10370826029059,29.104025858339824,29.103273447728494,29.106595348126802,29.108681145618462,29.10783777165359,29.106033356391343,29.107079540989968,29.107943264715786,29.112115372933122,29.113195761414552,29.111635442499857,29.112898057565996,29.114093782055857,29.109785057601655,29.110917163507523,29.108779181677683,29.106396123868283,29.104719033527793,29.10463650572682,29.103670221193696,29.106584776976838,29.108037737459004,29.105273229351596,29.108730827818174,29.10898984535145,29.106695216769797,29.108226501526524,29.1068287320955,29.105927923275324,29.1055769997829,29.105631784698197,29.10713911650611,29.10662176526809,29.107347022813062,29.105957184567682,29.10704040455215,29.10686733905658,29.10694254774818,29.106994111450568,29.10700410089374,29.106909448339902,29.10675987527359,29.10649752040948,29.106578204054244,29.106222689513952,29.107013374400392,29.10788989677259,29.107184696500674],"trainer_config":{"iters":1000,"updates_per_iter":5,"num_minibatches":4,"min_point":{"ack_ewma":"0ms","send_ewma":"0ms","rtt_ratio":1.0},"max_point":{"ack_ewma":"125ms","send_ewma":"125ms","rtt_ratio":5.0},"min_action":{"window_multiplier":0.0,"window_increment":0,"intersend_delay":"0.25ms"},"max_action":{"window_multiplier":1.0,"window_increment":256,"intersend_delay":"3ms"},"hidden_layers":[64,32],"entropy_coefficient":0.01,"value_function_coefficient":0.5,"learning_rate":0.0003,"learning_rate_annealing":true,"clip":0.2,"clip_annealing":true,"weight_decay":null,"discounting_mode":{"type":"continuous_rate","half_life":"1s"},"bandwidth_half_life":"100ms","rollout_config":{"network_samples":100,"run_sim_for":"60s"},"repeat_actions":{"type":"uniform","min":0,"max":200}},"network_config":{"rtt":{"type":"uniform","min":"100ms","max":"200ms"},"bandwidth":{"type":"uniform","min":"10Mb/s","max":"20Mb/s"},"loss_rate":{"type":"always","value":0.0},"buffer_size":null,