{"timestamps":[18.597543375,109.250637375,161.588620541,210.42201925],"bandwidth":[3177677.3312067846,2962061.115470868,707003.0736685346,664928.000063095],"rtt":[0.6110796570214166,0.3131318520485124,0.20484858306222142,0.17344052416597946],"utility":[31.684121143596816,32.22016316676952,31.37221515688223,31.350255665862285]}