{"timestamps":[0.2475583,12.6506796,23.9606299,35.5729714,47.5313615,59.8112938,71.769523,83.803424,101.1643666,112.9939852,125.5232358,137.7182105,149.8148427,161.9800083,174.1800598,186.1162281,198.110013,210.3876335,222.41717,234.5556512,247.2559591,259.3390384,271.6229181,284.7600351,296.9704019,309.7282868,321.9850571,334.5312775,346.9565654,360.3150185,371.4051976,384.2552118,396.7849898,409.3416848,421.8397125,434.0008478,446.5951638,458.9641958,471.2002393,483.9507305,496.5913632,508.8527603,521.0356211,533.2941345,545.2911762,557.7649584,570.3989845,582.5683042000001,594.9657471,607.3919086,620.1802504,632.6326165,645.0601101,657.491794,669.8284645,682.3740241,694.6362417,708.2145421,720.1199392,730.8626523,743.0325544,755.3180702,767.4877102,779.6809736,792.0754355,804.081633,816.3299935,828.3391281,840.1143638,852.1811239,864.3890141,876.8707387,889.1837981,901.0550044,913.2808502,925.2908546,937.3613408,949.445467,961.4832278,973.7405244,985.5924146,997.474957,1009.6748884,1021.3108412,1033.1260871,1045.2237602,1057.0510406,1068.8652835,1081.0015969,1092.9703024,1104.9659939,1117.0899981,1129.0454059,1140.7660616,1152.6421248,1164.556695,1176.3468247,1188.0439411,1200.193613,1211.868766,1223.5986862],"bandwidth":[3155202.69259894,3051661.5689187353,3017410.262838334,2939443.263399656,2843719.5908474536,2772807.884127963,2757020.4370070742,2705235.333275979,2682600.1538285245,2649903.475842699,2624784.1917606113,2629627.710544308,2632092.7424626467,2637196.917530828,2631646.8762491685,2632812.1958014946,2618511.4680567035,2616593.6753222873,2610423.3337421953,2603769.0273747267,2597212.316626144,2597751.150607623,2593710.1681715786,2600222.085002025,2589281.223824221,2596026.456831287,2588889.153981406,2595443.438243072,2583607.2578145233,2592178.2107901196,2584414.1003554678,2563326.1188654336,2555074.288578696,2550002.4643036667,2551937.2363616703,2545907.1799474307,2561388.679207969,2543586.8666891204,2516569.984472162,2517992.012251408,2500397.9268704695,2461718.3918521455,2468165.08729989,2454569.4861653647,2456727.529810558,2441113.30801701,2428286.419532385,2427232.6180810863,2442098.2868036907,2438951.2908441424,2423440.433523139,2437791.12366304,2423948.536329398,2417549.2145427116,2402251.210520362,2381899.619386442,2360734.469383697,2337890.879750396,2333788.7533652633,2314056.2266436894,2310852.4067055383,2321203.791716896,2312903.8104819315,2293900.6612818637,2287910.2955108876,2292239.798056672,2274519.522518945,2255348.094192848,2258387.669123376,2235431.2136149416,2270921.4632128063,2255806.427763772,2265959.07967871,2252125.0454388973,2248932.8894422543,2255259.235660376,2244971.9443399208,2256556.2925965814,2266840.7594057913,2254393.059969221,2241839.9168091407,2240181.730044981,2236352.3632322135,2226299.3386856895,2220074.8688478223,2227308.044039997,2225150.6390955206,2225047.9659590176,2221181.4304788685,2215653.2681521154,2222954.531996765,2224482.084547061,2223885.061170497,2219759.278865078,2217912.1112940474,2216333.961511343,2218235.545779666,2221207.8897428005,2219618.318136641,2219362.4720138195,2221677.621685202],"rtt":[0.6145410894185144,0.43737890562956866,0.3819508111552611,0.29700700499547544,0.2450901420943491,0.22197892015780135,0.22097127865431296,0.2149730098738963,0.2139177195640531,0.21340846610353706,0.2065839120737586,0.20496024086676132,0.20700683703307898,0.20410471229226707,0.2020323830131485,0.2002956678217336,0.19781489500491964,0.19775904724670243,0.19481530151507717,0.19377401446713458,0.19318768539688055,0.19028033628949068,0.18904216082734715,0.18898632221480213,0.1852094084433717,0.18575923688586188,0.18455214684819948,0.1854114045112763,0.18434911347471916,0.18461601154556362,0.1840343071683503,0.18306226471340242,0.182233515373862,0.18147301086992682,0.18133392807130033,0.18201659293965022,0.18195138406884878,0.18080276542154616,0.1807178231509763,0.18042398948701605,0.17918113937260394,0.17830681136837814,0.17813961407401566,0.17786199726474888,0.1783735198194287,0.17773913492933885,0.1772387775784037,0.17703087553161775,0.17697951511842713,0.1775097700186447,0.1768026884198845,0.17698678573691448,0.17658944020789866,0.1769194026964799,0.17634065633343418,0.17515235434629808,0.17531025282055174,0.17469592962101257,0.1745123165351926,0.17381502153271755,0.17354765447411824,0.1738398972790364,0.17345865100824948,0.17315887572150604,0.1733881733530723,0.17344099030550036,0.1729800032222954,0.17297570851998095,0.17293197840361826,0.1723072273623611,0.17268565248167952,0.17314529355112276,0.17343877491077217,0.1731456293161323,0.1718179861521947,0.17307353096998832,0.172113222354831,0.17322163347838723,0.1724459631708797,0.17176153693071078,0.17230393616067582,0.17231537158051227,0.17178935150096927,0.17220348830506088,0.17148063063960609,0.17193907322276553,0.17211138696598424,0.17124588550349767,0.1710788554264476,0.1718041073933188,0.17174710680485575,0.1712965119434622,0.1725086667716444,0.17151673981185364,0.17163467139206062,0.1720494408858761,0.17170553975622532,0.17186031539738741,0.1715919065983116,0.17133194469544102,0.17218495424096736],"utility":[58.846761236975375,61.81650831396132,62.970081606812755,64.91531546780487,66.36313227337074,67.20604783044287,67.24637788573496,67.4688982471645,67.52432042046303,67.53089038465882,67.78783159514659,67.84891674164253,67.76680866298649,67.88858333061887,67.97888516402382,68.05841794598686,68.16480441239698,68.1672585277366,68.29499765358001,68.33507165159357,68.35889878096943,68.47939079031335,68.52772661549473,68.55329066355243,68.7139427480054,68.69377322929749,68.74833226088485,68.72405407392537,68.77101981065634,68.75664875936305,68.78619876961874,68.82200182899363,68.85434498613067,68.88569939180171,68.89306610844096,68.86192912187371,68.86227012363732,68.91304013351437,68.91405509024166,68.92986764636512,68.98177020958944,69.01202903968694,69.01992100681409,69.02762333712111,69.00506442454639,69.0281641755329,69.05047069413972,69.05737396905215,69.06652800767398,69.03974811100368,69.07028656168411,69.06364738489482,69.08129528659691,69.06300460580883,69.08817239044606,69.12813165387571,69.1209680537831,69.14279404226595,69.15093259163432,69.17681430441179,69.18978539277785,69.17783609073558,69.19355160909849,69.20643471416092,69.19377819643734,69.19250438010367,69.20685567181363,69.20314793920036,69.20671036071614,69.22423580082771,69.21801730036695,69.19428331851056,69.1834246457376,69.19424684581,69.24486163117264,69.19608971690532,69.23479223951368,69.18999538910056,69.22460766520287,69.25096813308453,69.22821184364055,69.22884688669718,69.24665795482996,69.22857068738601,69.24864010539665,69.23377050343096,69.22595630233546,69.26594358340851,69.2726842937776,69.2359357972949,69.24686155250528,69.26218233390634,69.21289607278656,69.24920523470115,69.24680553301646,69.22945402903497,69.24087846637836,69.24108250798766,69.24647277867335,69.25400956930784,69.22665449031886],"trainer_config":{"iters":1000,"updates_per_iter":5,"min_point":{"ack_ewma":"0ms","send_ewma":"0ms","rtt_ratio":1.0},"max_point":{"ack_ewma":"125ms","send_ewma":"125ms","rtt_ratio":5.0},"min_action":{"window_multiplier":0.0,"window_increment":0,"intersend_delay":"0.25ms"},"max_action":{"window_multiplier":1.0,"window_increment":256,"intersend_delay":"3ms"},"hidden_layers":[64,32],"entropy_coefficient":0.01,"value_function_coefficient":0.5,"learning_rate":0.0003,"learning_rate_annealing":true,"clip":0.2,"clip_annealing":true,"weight_decay":null,"discounting_mode":{"type":"continuous_rate","half_life":"1s"},"bandwidth_half_life":"100ms","rollout_config":{"network_samples":100,"run_sim_for":"60s"},"repeat_actions":{"type":"uniform","min":0,"max":200}},"network_config":{"rtt":{"type":"uniform","min":"100ms","max":"200ms"},"bandwidth":{"type":"uniform","min":"10Mb/s","max":"20Mb/s"},"loss_rate":{"type":"always","value":0.0},"buffer_size":null,"num_senders":{"type":"uniform","min":1,"max":16},"off_time":{"type":"exponential","mean":"5s"},