{
    "timestamps": [
        0.399495,
        13.6201724,
        27.5951642,
        41.2939513,
        54.5642378,
        67.6894391,
        80.9385909,
        93.9131085,
        107.1160421,
        120.0690356,
        133.3851222,
        146.7951624,
        160.2797161,
        173.4501191,
        186.8084206,
        200.7896961,
        214.1264826,
        227.7161326,
        241.4012225,
        255.0784335,
        268.5929124,
        282.2782693,
        295.717971,
        309.2383056,
        323.0842359,
        336.2536187,
        349.5577837,
        363.1771552,
        376.6162488,
        391.3635786,
        403.4284816,
        416.7818158,
        430.3096372,
        443.5324416,
        456.424983,
        470.0814431,
        483.0648937,
        496.5216058,
        509.5655758,
        522.3931066,
        535.8867219,
        549.3464623,
        562.5010398,
        575.6834726,
        588.9979882,
        602.6767493,
        615.8034365,
        628.9960627,
        642.1126949,
        655.0746548,
        668.1776715,
        681.2518308,
        694.4951432,
        708.0705838,
        721.1516589,
        734.5631386,
        747.701782,
        762.4806418,
        775.5637674,
        787.429134,
        800.6930808,
        813.9236291,
        827.4768321,
        840.6657693,
        854.2354949,
        867.6758151,
        881.0031379,
        894.3662353,
        907.7165732,
        920.8871424,
        934.1758254,
        947.3919733,
        960.7678729,
        973.986337,
        987.0833561,
        1000.2396354,
        1013.3595891,
        1026.6851154,
        1040.0900367,
        1053.532846,
        1066.8760571,
        1080.7164187,
        1094.2739844,
        1107.987014,
        1122.0509555,
        1135.6733928,
        1149.4609997,
        1162.9279399,
        1176.2884561,
        1189.5186848,
        1202.7923288,
        1216.0925786,
        1229.0666699,
        1242.4569721,
        1256.0308816,
        1269.814097,
        1282.9550128,
        1296.466632,
        1309.5249309,
        1322.9904517,
        1336.4639432
    ],
    "bandwidth": [
        3155202.69259894,
        3102085.7795785754,
        2991746.598208369,
        2915074.80699918,
        2837004.077616476,
        2808754.236219933,
        2845758.4598139836,
        2863655.929119258,
        2864170.7775017335,
        2870404.442708014,
        2857444.9653543597,
        2869990.233857031,
        2917364.7012848244,
        2899067.837674276,
        2895187.973019573,
        2927091.109128855,
        2942806.070162636,
        2941567.592359751,
        2885482.502462766,
        2864033.5627772743,
        2853175.1247388357,
        2842001.992479648,
        2833730.146153213,
        2845435.2004238525,
        2831268.542155397,
        2815349.0010310085,
        2818617.526478163,
        2839325.7592055923,
        2843168.8505067877,
        2861242.3246282875,
        2864186.473449822,
        2872949.9592017136,
        2876783.0942709805,
        2873787.1563299224,
        2874609.1779745645,
        2850295.678379975,
        2844340.7581372764,
        2843691.5815220685,
        2854946.7263204963,
        2849648.4382513165,
        2868950.934497364,
        2848893.7399246246,
        2843433.695385359,
        2832727.9272488374,
        2838231.043642024,
        2820191.9806881896,
        2826745.9861669624,
        2818686.6818188205,
        2817574.779824732,
        2820282.167963984,
        2827743.3651384753,
        2838758.567385244,
        2838740.292983925,
        2825735.3396385545,
        2834345.869260051,
        2838912.889841432,
        2825153.8220892274,
        2831059.2196827023,
        2823358.3603287907,
        2825346.357307876,
        2831001.5431781933,
        2832420.251521544,
        2837091.2450072807,
        2838965.4707384785,
        2837313.9704333916,
        2838383.333983188,
        2835100.9410494,
        2835505.2135931863,
        2828720.046888109,
        2837794.9402370546,
        2843799.148662722,
        2841487.831560192,
        2838220.746793748,
        2834059.0430709044,
        2835939.750839223,
        2839892.0920299497,
        2843902.371429238,
        2846217.950521697,
        2845592.369115913,
        2844832.8282055985,
        2849006.186071673,
        2852593.309387875,
        2853894.6924310345,
        2855981.2223080173,
        2858074.818634451,
        2860292.3814404085,
        2861033.2223534165,
        2863681.2351727937,
        2864830.331335719,
        2861071.1527943555,
        2860449.688158151,
        2858883.170779724,
        2860718.267933741,
        2860098.8878601934,
        2861041.853021545,
        2861467.4037874597,
        2860507.6764131845,
        2860529.329964143,
        2861594.078134236,
        2862460.790531128,
        2861109.120409737
    ],
    "rtt": [
        0.6145410894185144,
        0.573773881465286,
        0.5119347713910476,
        0.4742035781948772,
        0.4350621359885983,
        0.38841086344967646,
        0.3778554360896349,
        0.34027370600062773,
        0.3219049972867207,
        0.30874148160512427,
        0.30541292773041046,
        0.2910400584028048,
        0.2781015679378927,
        0.2766296360806129,
        0.2834657755196792,
        0.27012856476473374,
        0.2639103685964546,
        0.2495394852922974,
        0.25383610936182194,
        0.25563585543278383,
        0.24306459744092285,
        0.2313882998485586,
        0.23137685615876347,
        0.2218682165094936,
        0.22312010785451836,
        0.22349853046548027,
        0.22335385006729908,
        0.2127433794414913,
        0.20875276733956807,
        0.20741617156453962,
        0.2073346963597938,
        0.2040138779805517,
        0.20507994475743435,
        0.2060064144084785,
        0.20589109488025023,
        0.20431542425765395,
        0.2043130860680336,
        0.20221682566409394,
        0.20165356047671681,
        0.2000469728752359,
        0.20045381233316736,
        0.19845914672179302,
        0.19830046346519653,
        0.1971713525092041,
        0.19600766889210766,
        0.19614551979453615,
        0.19532283530168165,
        0.19539079719020375,
        0.19511069948069035,
        0.19541982539448327,
        0.19586391372321518,
        0.19600232294899955,
        0.19556341333013566,
        0.19518764521154106,
        0.19546451280678104,
        0.19604320129358757,
        0.19530093818921632,
        0.1950119385558952,
        0.19502156259917183,
        0.19501143266930582,
        0.19615936427341968,
        0.19602284696695763,
        0.1966728760773498,
        0.19682097049801467,
        0.19702333897248475,
        0.1975850624748845,
        0.1967100907794927,
        0.19716523682401974,
        0.19650202169862313,
        0.19643962631291367,
        0.19681189668961346,
        0.19685748609742068,
        0.1967216875288921,
        0.19650504522508705,
        0.19654802596622803,
        0.19680184391879246,
        0.19691369314214355,
        0.19685565307669758,
        0.19632475862869883,
        0.19586745111660514,
        0.19600136525110032,
        0.19629674624397875,
        0.1966725925845868,
        0.1964500806007906,
        0.19616959590711672,
        0.19626405548338877,
        0.19656353257079898,
        0.19656523565228387,
        0.19670808071844245,
        0.19653495236293136,
        0.19637094771120997,
        0.19629629808470536,
        0.19615196557552222,
        0.19631326127138815,
        0.19631300575012547,
        0.19625458205362037,
        0.1961422184061947,
        0.19631238206793925,
        0.196443928850458,
        0.1963121467957125,
        0.19635826973264336
    ],