{"timestamps":[0.248662,27.7700811,55.1840743,82.9364713,110.4856228,137.8993108,165.3656253,192.4671533,219.3660549,246.5513753,273.5440356,300.9502701,328.6478149,356.4328269,384.2508143,411.7777292,439.2956045,467.0671384,494.6270363,522.0959414,549.553893,577.1613268,604.989149,633.0235377,660.7305212,688.2898581,715.1705563,742.9160011,770.0841713,798.7743988,824.8140549,852.250707,879.8573256,907.2012148,934.7903896,961.9393375,989.4810658,1016.9712569,1044.2562536,1071.4684885,1098.9177165,1126.2767086,1153.61825,1180.7896112,1208.1434022,1235.5347186,1262.8398525,1290.3312229,1317.9498301,1345.4911022,1373.0782324,1400.4546961,1428.1302961,1455.860126,1483.5734802,1511.0436176,1538.7034641,1567.8663478,1595.3073786,1621.6080971,1649.0070989,1677.0353116,1704.7927301,1732.196848,1759.729685,1787.420509,1815.2894906,1842.7205416,1869.997133,1897.3798522,1925.2524864,1953.1098838,1980.8775166,2008.4177518,2036.1944754,2063.6692633,2091.1484723,2119.0132997,2146.6216147,2174.318613,2201.8853019,2229.3554842,2257.0276393,2284.3332963,2312.491225,2340.4210678,2367.852439,2395.5895636,2423.4308137,2450.9204709,2478.4812852,2506.0996534,2533.977451,2561.6793557,2589.3221965,2616.717203,2644.9501907,2672.3099654,2699.5865111,2727.3221469,2754.6706786],"bandwidth":[3370910.042368462,3082477.31161593,3027475.280561225,2935309.664108629,2905173.414844332,2877643.451265644,2854541.8971710126,2863232.5040442315,2843915.42476462,2870782.7821981804,2827010.1762038036,2853323.000298002,2874053.514075785,2884980.936569537,2849649.0363249746,2830528.759219311,2876502.7351884614,2872609.6170055917,2877307.9119647383,2859241.9756349656,2844569.9860320305,2857955.3205378805,2825637.897270814,2833030.371227588,2850346.96918315,2835430.533649186,2846143.418840023,2834773.371831058,2836277.824285576,2855903.425568113,2825675.975249988,2815207.9897399563,2824149.458988182,2818910.198872751,2829046.555795557,2818999.7532932484,2813091.6058552586,2810022.989441128,2817706.2371561932,2813557.548727373,2837553.12238427,2814202.7934105326,2831171.1533194487,2841871.9977136212,2842592.520782719,2848653.3739544596,2864116.645494102,2874232.085451777,2863024.302284133,2868056.4374580323,2891319.895281808,2905529.373124028,2910229.13085939,2913029.883071964,2902141.6627535354,2902342.5042438013,2898538.182420468,2910392.883912364,2904503.56482659,2918060.962222631,2904968.7217362835,2911955.4161366746,2913808.1206178176,2918710.0551113696,2914955.6817141264,2916129.9589561117,2909871.543430292,2906814.7726037023,2904060.142756974,2910507.314384321,2906891.9181402265,2905187.944197206,2897782.3921997272,2899368.119824223,2897863.505826539,2902147.0332575156,2905060.612911692,2905149.271096135,2897010.1554942606,2895952.061960119,2893568.6858907193,2890082.3002395225,2891203.379003828,2890238.252921378,2889292.7028073985,2899612.2637214903,2895985.3555497704,2897570.830691493,2898701.769271366,2896325.5001680925,2897404.229975462,2898188.1220834865,2899949.895181702,2900212.27221486,2900726.2397773988,2898768.6245788713,2899474.8141739797,2901323.095461127,2901490.2243878716,2902229.561864444,2901236.064484924],"rtt":[0.6186309743340224,0.507707181716349,0.4512063150843986,0.4015955401069144,0.3704212502398715,0.313409320255972,0.2928914255913239,0.2665268053962647,0.2573837953283161,0.23985754071891727,0.2337880271180524,0.21351253594253766,0.2116440694801755,0.2030769926468767,0.2016411435797558,0.1966888669877352,0.19859057020857598,0.19221313564828624,0.19134291240469764,0.1916386733557893,0.19027617954544446,0.19026509253058566,0.18954617959928344,0.18972844091798904,0.18950863429232295,0.1886359151604252,0.1882977608938788,0.18838032305948935,0.18808786172758604,0.18907142700573154,0.18719389588639948,0.18644136546692178,0.1865777478540485,0.18633740138840996,0.18672531724434283,0.18638961872878265,0.18604897505476295,0.18526570012618276,0.18588175226574974,0.18625473755117772,0.1868320349801538,0.18642818147673373,0.18673667783538064,0.187157679464529,0.18715445805807596,0.18787411430573792,0.1880844083375598,0.18921593800738812,0.18839248505054976,0.18866846329022377,0.18949080894128867,0.189959210159364,0.19035523068870272,0.1899072200595765,0.18962367897709517,0.18953180852791168,0.18921774818404266,0.1898817453166753,0.18919353010505305,0.19007881290701042,0.18984567347301795,0.19000120257472378,0.1902240938720993,0.19022516319197028,0.18984579993143008,0.18973698073735992,0.18958329032655546,0.1893446740810666,0.18926941401892444,0.18940635143482973,0.18934924712406537,0.18911611159878577,0.18885817269854407,0.18895893929072347,0.18855655810462804,0.18893226563450774,0.1889095276965037,0.1885321102804406,0.18875115056536254,0.18862560711148163,0.18843058184668945,0.18852214525893743,0.1882985341913309,0.18847939274248932,0.18856122314141074,0.1884968812618677,0.18829701228654872,0.1884265656621686,0.1883047892810689,0.18830925218089056,0.18839022100273925,0.18828609807349614,0.18837977873236705,0.1883873570281071,0.1885958747668515,0.18859589925236372,0.1883474335706547,0.18835463173780365,0.18831978660856857,0.1884417125644234,0.18834138895127667],"utility":[31.68150807015297,31.845201316145005,31.94575727860077,32.04081408872922,32.100533606355974,32.22974483643865,32.27923666528214,32.35648053959125,32.378898418382256,32.437575600271266,32.45206941007175,32.52601847767406,32.537401922525056,32.574602958388915,32.5709891210415,32.585930887202856,32.58793892676652,32.61273651953056,32.61560972013147,32.607471234319306,32.60903171860758,32.611847483885,32.60707172434242,32.607409761323794,32.61187826678015,32.613016417157816,32.61480843414859,32.61282646783349,32.614690301846856,32.614359726022776,32.61651729414907,32.61653869133332,32.61813963410716,32.6176927956453,32.618334715932875,32.6162225164774,32.61576107415822,32.61775706314287,32.617316324349495,32.61439337708837,32.6182585046338,32.61352473532805,32.616406056971364,32.61736438719529,32.617225341445334,32.61538905984033,32.61893266936003,32.616139305104596,32.617188817008326,32.616322997018905,32.617036361781615,32.61943341632209,32.61758042793968,32.62105244558975,32.62028028620966,32.61983173650375,32.62025246427387,32.618954610830116,32.62088557021594,32.62014462143415,32.61765434348555,32.619466492718786,32.61788242189562,32.618580819975996,32.61876794158319,32.61926727532968,32.61963330831369,32.6199288469015,32.620010168623715,32.620313985296576,32.62000909407876,32.62077251504306,32.61982752207783,32.619142807421,32.62105563917611,32.61973607818084,32.62048323251965,32.62208328958312,32.618935728299014,32.61937832710675,32.619958448813435,32.617759260311395,32.61996848623483,32.618879300077346,32.61738970537509,32.621280753306976,32.62059147287199,32.62075303010314,32.62104503218311,32.62033372948115,32.62017055150679,32.62102243787704,32.62125461016387,32.62084635852014,32.6209512273768,32.61965705671183,32.62106816707548,32.62141262890663,32.621713133978574,32.621523531808016,32.62139592008845],"trainer_config":{"iters":2000,"updates_per_iter":5,"num_minibatches":4,"min_point":{"ack_ewma":"0ms","send_ewma":"0ms","rtt_ratio":1.0},"max_point":{"ack_ewma":"500ms","send_ewma":"500ms","rtt_ratio":5.0},"min_action":{"window_multiplier":0.0,"window_increment":0,"intersend_delay":"0.25ms"},"max_action":{"window_multiplier":1.0,"window_increment":256,"intersend_delay":"3ms"},"hidden_layers":[32,16],"entropy_coefficient":0.01,"value_function_coefficient":0.5,"learning_rate":0.0003,"learning_rate_annealing":true,"clip":0.2,"clip_annealing":true,"weight_decay":null,"discounting_mode":{"type":"continuous_rate","half_life":"1s"},"bandwidth_half_life":"100ms","rollout_config":{"network_samples":100,"run_sim_for":"60s"},"repeat_actions":{"type":"uniform","min":0,"max":200}},"network_config":{"Remy":{"rtt":{"type":"uniform","min":"100ms","max":"200ms"},"bandwidth":{"type":"uniform","min":"10Mb/s","max":"20Mb/s"},"loss_rate":{"type":"always","value":0.0},"buffer_size":null,"num_senders":{"type":"uniform","min":1,