{"timestamps":[0.2327357,14.1934486,28.3938346,42.3220386,56.4683238,70.3380173,83.6178264,97.2063105,110.79316,124.6882993,138.5352114,152.6816823,166.6354362,180.7077324,195.41037,210.2063916,224.7697077,240.1615851,255.2947101,270.3141476,285.020889,300.6547595,316.01704,331.1627131,346.7402593,362.2149916,377.5831747,393.0708482,408.2816379,425.3321189,438.9432243,453.8667911,469.060008,484.3801656,498.8876564,513.852043,528.5690933,543.1630674,557.8780841,573.0931472,587.8254864,602.9067689,618.0993998,631.9833084,646.3218467,661.0646178,675.255301,689.0753347,703.2231154,717.3870477,733.3109706,747.8882441,762.3699108,776.5580427,790.5574334,804.3721426,818.2045765,834.1258247,848.1203441,861.310509,875.2352124,889.2144678,903.1441299,917.4628149,931.5382621,945.6873593,960.6320348,975.0547364,989.6246183,1004.7421567,1018.7789312,1032.6364714,1046.4638149,1060.8838062,1074.8527794,1089.0143469,1103.1420454,1117.2184483,1131.3803898,1145.7348945,1159.8934562,1173.8476737,1187.9121053,1201.9596414,1215.7486048,1229.9786348,1244.3864715,1258.1139855,1272.5475008,1287.7081222,1302.5412952,1317.6482174,1332.882356,1347.8841839,1362.6622128,1377.6225256,1392.6736028,1407.8646575,1422.9110835,1438.2875718,1453.6059975],"bandwidth":[3370910.042368462,3275191.9532414917,3199982.8049185374,3132042.6926317117,3204542.213209556,3162145.3062885324,3087369.8768010596,3049173.3561861045,3071590.9409140735,3135056.6699878573,3092381.2118371916,3089620.740946372,3103272.8031873037,3144526.7925897064,3173066.2595318714,3167463.8513769675,3148208.4462318015,3190433.6486604423,3179206.7811707575,3210091.8195564626,3185518.9042671532,3205433.0573006887,3247721.0528178513,3260797.094589199,3304842.9351769136,3293366.811523967,3222425.8478820613,3206696.469214822,3201536.358957546,3172024.355407879,3217315.2579209553,3223345.1377646206,3231332.48281903,3248271.0431287927,3229083.006128503,3222589.6345362742,3212752.376869411,3210528.5245539206,3219228.557054357,3199215.458058306,3222871.5769446553,3216712.2950120852,3223435.0833384423,3236822.180685892,3257870.6560232504,3260645.197336906,3251319.801324686,3265267.9620070797,3252279.3331987616,3253884.7717692954,3253365.6074298727,3242772.6910376907,3237890.350917657,3229900.391408636,3233819.978230561,3204824.516761538,3209265.707014211,3201072.0245543006,3200827.6953867474,3200938.8061928703,3185032.5924062007,3187247.592256816,3188553.695728665,3177937.407895812,3175707.4173182426,3169613.9425877584,3165464.0845783087,3166881.137158854,3156993.9008346326,3161450.513282374,3167071.914936648,3166026.7544302735,3159374.360201788,3154727.574674475,3155010.085438184,3155949.823625782,3162843.4308265448,3164775.899553455,3167729.093913778,3173037.444193785,3166640.8992905333,3169130.5965060284,3169086.7901728367,3171053.6870816546,3173081.159128258,3174488.760463421,3177769.3917078823,3176644.106012595,3175507.3951089294,3177351.475343989,3179270.7203585263,3181154.4488408794,3180323.61239762,3180744.9264421905,3179526.236926029,3181214.6576006184,3180168.657197907,3179041.4798520496,3179555.668252395,3178711.224749142,3179250.3110871087],"rtt":[0.6186309743340224,0.604473724364509,0.5436857873079926,0.4985163549480297,0.47267093242574804,0.42947525505986245,0.408473571806948,0.3817248629534637,0.3674350144719842,0.35680792009146617,0.3541622342466801,0.3275060210747836,0.3321012202974768,0.32180564280181295,0.30692614072615243,0.2956635953713605,0.29355625279663566,0.2887432224060919,0.30070688058819023,0.2942502897214363,0.29268252996567573,0.28643433970678156,0.28009689854797576,0.28132937695048926,0.27774676384576547,0.27396820244159337,0.27662766479959383,0.2723455094563757,0.2678493365906166,0.26687940652197667,0.2686148560545506,0.26210786712885886,0.2596952900738798,0.2553322770474847,0.25600843463030515,0.2559628442476722,0.2512737244053905,0.24810416945798938,0.24438648112004324,0.24153342722658508,0.24103231004133666,0.23705302641905998,0.23331010558469037,0.23093348591115476,0.23083142530716927,0.2264350697294454,0.2204020239026171,0.21676299338176988,0.21478989807513346,0.21454474838974294,0.21391710786049278,0.21363936920749718,0.21279568732052112,0.21168261558953624,0.21279243580499774,0.21061778641193454,0.21019754257856868,0.21042876607027758,0.21004211195309577,0.20770387306279597,0.20738152055216902,0.20748994200659815,0.2072029338007532,0.20643484576858465,0.2063618796928402,0.20497924477074908,0.20424723173472123,0.2036806130691252,0.20328080620078606,0.203792405291042,0.20428855620646574,0.20441679036863245,0.20363542530245118,0.2038215572375793,0.20327721856771327,0.20373012853876338,0.20458570333040058,0.20433762830354746,0.20457350557565093,0.20497124539003392,0.2046774389576756,0.2045756038750392,0.20469998012069163,0.2048779507589287,0.2051301596159086,0.20538146994028725,0.20547035623303975,0.20580654344094665,0.20560029134459967,0.20551489023039488,0.2052438726447585,0.20550773978763381,0.20527628159086936,0.2054256602090295,0.20543828960003083,0.2056354719157058,0.20542568812069456,0.20570639689825526,0.20535076952415274,0.2053986690680102,0.2053122070239672],"utility":[28.999635198802725,28.990728133489405,28.995409831069733,28.995156860748914,29.018752557361854,29.023536370697908,29.013372067651126,29.012716038781903,29.022934965031524,29.04126344919841,29.032587023409416,29.041140337005427,29.042821099860383,29.056189586089786,29.068160273159027,29.07077998393772,29.067067539963578,29.078694101571884,29.071775902830304,29.081091877371033,29.076276994498823,29.08304149446566,29.09478958854364,29.097253269012143,29.108036370869225,29.10713874163458,29.090673258367055,29.088882073408687,29.089613866804907,29.083336595844383,29.092933181883094,29.09689179301351,29.099803201745452,29.105354069394252,29.100871750213848,29.099442545855467,29.099172885360517,29.099973740380296,29.10337823814412,29.100071670300146,29.105436037244854,29.105565638120012,29.108672585832355,29.112685125697308,29.116954384493678,29.11918268202173,29.11889985942269,29.122554785811676,29.120243801584135,29.120116749278864,29.12020245636218,29.11800314117426,29.116425566788887,29.114591732613725,29.11550045077808,29.109726921921702,29.111246291801308,29.108909135864316,29.108579196263644,29.108494853111946,29.1048435983509,29.10618668360549,29.105334026648713,29.103704821535565,29.102172915119997,29.099445214688263,29.099385176402638,29.099432951844587,29.09714245297438,29.096746517990432,29.098917187938607,29.09863957993424,29.09719768898933,29.09572085053104,29.095713472985356,29.096223168749045,29.09730502938363,29.097502038302487,29.098363474319818,29.0987808348366,29.09722536779461,29.097793540399056,29.0975500778515,29.09821147096631,29.09861199942701,29.09930198409144,29.099558276575866,29.099152090352117,29.099016798536198,29.099890614143785,29.100279996041984,29.10049724347958,29.100102538875884,29.10025723059796,29.099379852610713,29.10043294695371,29.099998904857806,29.099027674892223,29.099776477410998,29.099219672067118,29.09952932064776],"trainer_config":{"iters":1000,"updates_per_iter":5,"num_minibatches":4,"min_point":{"ack_ewma":"0ms","send_ewma":"0ms","rtt_ratio":1.0},"max_point":{"ack_ewma":"500ms","send_ewma":"500ms","rtt_ratio":5.0},"min_action":{"window_multiplier":0.0,"window_increment":0,"intersend_delay":"0.25ms"},"max_action":{"window_multiplier":1.0,"window_increment":256,"intersend_delay":"3ms"},"hidden_layers":[32,16],"entropy_coefficient":0.01,"value_function_coefficient":0.5,"learning_rate":0.0003,"learning_rate_annealing":true,"clip":0.2,"clip_annealing":true,"weight_decay":null,"discounting_mode":{"type":"continuous_rate","half_life":"1s"},"bandwidth_half_life":"100ms","rollout_config":{"network_samples":100,"run_sim_for":"60s"},"repeat_actions":{"type":"uniform","min":0,"max":200}},"network_config":{"Remy":{"rtt":{"type":"uniform","min":"100ms","max":"200ms"},"bandwidth":{"type":"uniform","min":"10Mb/s","max":"20Mb/s"},"loss_rate":{"type":"always","value":0.0},"buffer_size":null,