{"timestamps":[0.2495378,25.942846199999998,50.7261959,76.9975312,103.5590892,130.3588253,156.4743559,181.4841888,206.6713546,232.2567648,257.4950044,282.7540639,308.0277745,333.8364117,360.1123526,386.6955305,413.1344238,439.0054557,465.5867312,492.019294,518.7242088,545.9413507,572.3277522,598.6503806,625.3439528,651.8552514,678.2046763,705.11515,731.4556226,757.5031649,780.9405927,805.4577764,830.1880266,854.9696716,879.5305097,904.0650313,928.5659932,952.9956274,977.3505573,1001.593511,1026.4155176,1050.5618673,1075.1263369,1099.0048961,1123.7010149,1147.9737092,1172.6976827,1197.6247541,1222.0312188,1246.1426999,1270.9796901,1295.5150293,1319.7923564,1344.3101133,1369.1033889,1393.8472903,1418.7899232,1445.4720524,1470.313992,1494.3063603,1519.1147287,1544.2429555,1569.4902497,1595.0680228,1620.3448796,1645.4128958,1670.2707627,1695.6599983,1720.9342226,1745.6902834,1770.7879425,1796.0075761,1820.9326582,1846.1921884,1871.7053518,1896.5327431,1921.631802,1946.3281896,1970.9694823,1995.8584278,2020.7381109,2045.5367385,2070.3708454,2094.9944997,2120.2862878,2145.6364833,2170.547822,2195.2876661,2219.8767373,2244.6840899,2269.8526603,2294.2584759,2319.286046,2344.3472891,2369.0505297,2393.5761934,2419.0200988,2444.2307234,2469.182248,2494.2469774,2519.4468638],"bandwidth":[3370910.042368462,3067386.1705896216,2882786.0976339947,2869905.9089295906,2844906.143025347,2787560.9478114923,2769615.082977579,2640751.12494754,2564858.167768255,2486859.531393423,2447957.5442898576,2407579.61555389,2434284.92586771,2376981.2346073794,2338686.148085474,2278564.452470043,2303876.2114731316,2290981.8806721,2279764.5659759683,2283487.9198507457,2268731.3333260315,2269294.434433603,2242394.959339219,2251655.0570182004,2215451.4229954127,2211206.1931659863,2203528.6380705354,2188012.1696504042,2236008.364568966,2144979.680834198,2123471.4031834803,2114428.2805024483,2110815.8834705064,2086968.7271610005,2074747.8847287383,2042408.5445112428,2033609.324934888,2103734.6046558935,2066966.8620987514,2069033.726663863,2031000.3003226095,2050879.3095875576,2062097.417450181,2095640.9598834699,2105866.935003928,2072030.4966733654,2047466.0384236334,2066197.0387104722,2073479.7821622803,2105401.822005049,2097225.070002334,2082366.2139636755,2104906.6230634362,2143451.8153706705,2146945.584324838,2144259.130100122,2152894.5806193473,2177421.8402404287,2174774.9688197174,2200617.025923017,2203472.383000451,2200110.8515927824,2206051.956966481,2198195.476833328,2200169.5432156753,2207275.6285699606,2181032.424112545,2201420.974609196,2202468.797450003,2187463.525358067,2181135.8769644005,2197694.848782377,2203630.6088977214,2178677.287338976,2179021.4046770795,2174220.46579311,2174836.1677107355,2151544.7649548077,2149493.1501000305,2147990.8917666436,2145803.0555598075,2174750.654230498,2172761.369387258,2178041.112361978,2168382.7624942698,2176088.156611166,2178627.9279205194,2174482.8138151458,2178877.9274041927,2172678.364829367,2179629.3230362837,2176819.4738650606,2176875.5127844596,2175545.339176516,2179662.008388504,2178402.598322601,2177930.593236186,2173945.2036724193,2175062.726332872,2174599.5755673707,2176920.955595347],"rtt":[0.6186309743340224,0.39404563341751814,0.3209621488108091,0.2276362148356347,0.20464035612908035,0.19191360277588326,0.18838381789759964,0.17742275156248963,0.17518141964742356,0.1726189421285554,0.17182283057016692,0.17069793271234565,0.17141087510865585,0.16999272241683575,0.16950219011989748,0.1681001439577213,0.1687299976725337,0.16936030487134351,0.16935143424231172,0.16988985946373344,0.16944818782953328,0.1694926393523715,0.16872611351277392,0.16912913355613657,0.16802188658760747,0.16820249831168968,0.16772382876568756,0.16764516497378348,0.16897184225758333,0.166852611557609,0.16638807569512523,0.16597018982740463,0.16608629312171033,0.16612769076086412,0.16558518390214844,0.16544528639367628,0.16544058245958115,0.16588648088123972,0.16525662763757937,0.16556889421851925,0.1646211972466069,0.16523588038411494,0.16517901916421865,0.16567176700389138,0.16613048114424422,0.16560392327985765,0.1651017185250764,0.16490417519299896,0.16576903450186062,0.1662275570967667,0.16628689308523859,0.16571975406214326,0.16649821919485094,0.1666656588132473,0.166994760862063,0.16679482955828756,0.16718333143643355,0.167386206645078,0.16716910159407292,0.16766000533623907,0.1677595659930272,0.16794604371458952,0.1678793451683539,0.16758893269574565,0.16770892657847503,0.1681165916413953,0.16817567589577523,0.1682675757024009,0.16795650480757246,0.16776660028485554,0.16824541557194606,0.16807801321467727,0.16772648898817977,0.16793950592044368,0.16746619663496226,0.1676327546699979,0.16698682229831058,0.16703548957471975,0.1670805563462777,0.16713394370685541,0.16703268828928777,0.1669967573810055,0.1676065626220701,0.16709828332750926,0.16707316315070558,0.16765928421735093,0.16700983980371756,0.1674695809024465,0.16719139242509704,0.16744333845459394,0.16766391563561192,0.16763523693707588,0.16706436146529172,0.16771278207795273,0.16751447592546775,0.1676627643590079,0.1673906417306687,0.16786358366875037,0.16758474324714787,0.16739257084756506,0.16765505536991196],"utility":[58.500236783655424,62.57514917725424,64.40565467541956,66.99088612676427,67.90187116238502,68.45843310643244,68.61890524646286,69.10881659940975,69.19511636324303,69.29843047712663,69.32641330156756,69.37232744208153,69.34349373880094,69.39352123083337,69.40643121621704,69.45768429526494,69.43316347989915,69.3921757157948,69.3866345021299,69.36119602202186,69.37542368036307,69.37637270954798,69.4053905029598,69.38722934814749,69.43326370435534,69.42112812626193,69.43893884989572,69.43582002185147,69.39088275047924,69.46168352822123,69.4818749680637,69.49842022500641,69.49049524453854,69.48066077530511,69.50376655060617,69.50116419731633,69.49785943707579,69.4986803096101,69.52262488804755,69.50414550779027,69.53790978407898,69.51674697374078,69.52175845775828,69.50761391254603,69.48753213240917,69.50138828634732,69.52415994948403,69.53511607227581,69.49722744561392,69.48385909871122,69.47945693168936,69.50363961620037,69.47103221352782,69.47473124859363,69.45981578273452,69.46755824110132,69.45278564350536,69.4466684213322,69.45674228580243,69.44029738281748,69.43598549501412,69.42830644778209,69.43327545406493,69.44415081246122,69.43914952428541,69.42160074381907,69.40812364478907,69.41074237235733,69.42611249991553,69.43291543388041,69.40605521377,69.42471537682253,69.43870272341194,69.42019901257177,69.44713996377958,69.43525316987986,69.46490137857718,69.45632967413658,69.45203752727579,69.45180078463464,69.45382248491063,69.46639710097156,69.43487660198464,69.46500919245321,69.46161139674224,69.43736041562369,69.46784053199168,69.44318485483703,69.45842248678255,69.44149518907369,69.43879548839632,69.43717678024788,69.46225709420725,69.43249588483413,69.44456621813103,69.4374137535447,69.44866276131964,69.42152960556648,69.43673661396981,69.44509313099387,69.43614486927656],"trainer_config":{"iters":2000,"updates_per_iter":5,"num_minibatches":4,"min_point":{"ack_ewma":"0ms","send_ewma":"0ms","rtt_ratio":1.0},"max_point":{"ack_ewma":"500ms","send_ewma":"500ms","rtt_ratio":5.0},"min_action":{"window_multiplier":0.0,"window_increment":0,"intersend_delay":"0.25ms"},"max_action":{"window_multiplier":1.0,"window_increment":256,"intersend_delay":"3ms"},"hidden_layers":[32,16],"entropy_coefficient":0.01,"value_function_coefficient":0.5,"learning_rate":0.0003,"learning_rate_annealing":true,"clip":0.2,"clip_annealing":true,"weight_decay":null,"discounting_mode":{"type":"continuous_rate","half_life":"1s"},"bandwidth_half_life":"100ms","rollout_config":{"network_samples":100,"run_sim_for":"60s"},"repeat_actions":{"type":"uniform","min":0,"max":200}},"network_config":{"Remy":{"rtt":{"type":"uniform","min":"100ms","max":"200ms"},"bandwidth":{"type":"uniform","min":"10Mb/s","max":"20Mb/s"},"loss_rate":{"type":"always","value":0.0},"buffer_size":null,"num_senders":{"type":"uniform",