{"timestamps":[0.0002767,230.5326605,313.3483837,430.6571496,516.6689155,592.4973792,700.2950933,778.8516684,847.1972118,966.1811483,1079.1025408,1231.9468219,2449.4937051,4466.4368876,8831.0852785,13766.2385614,20244.776779,26809.3599562,34797.7646414,47989.9118314,61538.7613794,78868.838181,98717.2788579,119775.4647973,141184.685394,164705.2511039],"bandwidth":[2378852.9587399033,1046221.306594219,910716.117043848,1048597.0672638572,975074.7211619966,1109627.0861984855,1123712.898594987,1058103.2111750583,780664.6601578641,1193016.6384412507,780652.1372541569,1057012.6121795597,1290848.328438879,1172914.53236859,1172630.1004845626,1287217.0544668015,1289917.9904155573,1292181.6849621239,1391142.510504293,2012638.1699645827,2248367.302992383,2247763.513889367,2210092.8687523142,2228235.072560682,2228240.145529379,2216536.455196141],"rtt":[0.47271289878399536,0.15539407166924218,0.1551331410168712,0.15540035050642922,0.155238260285261,0.15557976278941296,0.1556269447161969,0.15541871035585364,0.15501034802338465,0.15591496125248447,0.1550093653529726,0.15534467040531594,0.15570635664297322,0.1553269503177252,0.15524065582428523,0.15532397994558786,0.15525112129363128,0.15529365292241956,0.15534797797558558,0.155335131653071,0.15548504121132703,0.1554304220154409,0.15537869644775376,0.15545231676067953,0.1554230455758334,0.1554225622910878],"utility":[362.2052882758432,445.7247901971199,445.7837173597115,445.72259701604355,445.7710728323004,445.64776277103977,445.62698217547677,445.71825331946013,445.725138598464,445.4811294202936,445.7258337594028,445.7714286407559,445.6997163122405,445.888600610389,445.95985150889305,445.98855524992393,446.04749626552854,446.0180198611524,446.05517055652365,446.3766678995194,446.35032622384875,446.38045857735585,446.391007359963,446.3595655235191,446.3783550774215,446.3735996013338],"trainer_config":{"rule_splits":100,"optimization_rounds_per_split":2,"min_action":{"window_multiplier":0.0,"window_increment":0,"intersend_delay":"0.25ms"},"max_action":{"window_multiplier":1.0,"window_increment":256,"intersend_delay":"3ms"},"initial_action_change":{"window_multiplier":0.01,"window_increment":1,"intersend_delay":"0.05ms"},"max_action_change":{"window_multiplier":0.5,"window_increment":32,"intersend_delay":"1ms"},"action_change_multiplier":4,"default_action":{"window_multiplier":1.0,"window_increment":1,"intersend_delay":"3ms"},"change_eval_config":{"network_samples":50,"run_sim_for":"60s"},"count_rule_usage_config":{"network_samples":500,"run_sim_for":"60s"}},"network_config":{"rtt":{"type":"uniform","min":"100ms","max":"200ms"},"bandwidth":{"type":"uniform","min":"10Mb/s","max":"20Mb/s"},"loss_rate":{"type":"always","value":0.0},"buffer_size":null,"num_senders":{"type":"uniform","min":1,"max":16},"off_time":{"type":"exponential","mean":"5s"},"on_time":{"type":"exponential","mean":"5s"}},"utility_config":{"AlphaFairness":{"alpha":1.0,"beta":1.0,"delta":100.0,"worst_case_rtt":"10s","flow_utility_aggregator":"Mean"}}}