{"timestamps":[0.2336318,18.6468777,32.1288896,45.357756,59.87726,73.9103382,89.5877334,104.1774947,117.9454703,133.2528278,149.5197757,166.1093588,182.4434049,200.00456,218.5356156,236.9684289,254.2233759,270.8170051,287.2438912,303.8221468,320.8911617,338.2129051,355.2819701,371.7678924,388.0687395,404.2445501,420.5792847,436.6928381,453.1224782,470.2894391,485.5199981,502.4535524,519.2887275,536.0774973,552.6351964,569.1930328,586.2529,603.6731909,621.2154419,637.979651,662.7341858,679.4093261,696.1376384,713.0669812,730.0337195,746.847716,763.2557435,780.1678714,797.1247936,814.3417148,831.4515547,848.5799375,865.6788284,882.7032152,900.4108442,917.9682887,935.9534354,954.2734617,971.7780603,988.3689434,1005.9073863,1023.0997441,1040.6281843,1058.5529973,1075.9415536,1093.1784425,1110.436596,1127.2541065,1144.8236336,1162.3411826,1180.0263153,1197.3309912,1214.5109761,1243.7591969,1260.2559207,1277.0224744,1293.6477508,1310.1533725,1326.8320182,1343.4247985,1360.1837491,1377.0300797,1393.8835561,1410.7230783,1427.3450391,1443.7360059,1460.3581306,1477.0778558,1494.1381222,1511.2563723,1528.6482537,1546.2465038,1563.5368378,1580.8516269,1598.3355128,1615.5104736,1632.8709418,1650.4347168,1667.9580454,1685.6060835,1702.707911],"bandwidth":[3370910.042368462,3087575.196454561,2952424.970973818,2878343.296925185,2851205.7940359684,2805398.693332817,2762314.782640391,2449419.615387105,2413943.3689330225,2414590.307902003,2373038.9758731266,1997356.3449171404,1959527.402936662,1687164.0075281956,1734187.143021565,1569248.1745057292,1442344.4455725257,1315672.7604238032,1190573.3847776626,1251676.7352833874,1315702.07949826,1256395.9660062408,1134326.6766313412,1122066.9245937883,1124870.2366998768,1169760.2240313168,1125248.62903475,1125006.6422996535,1121843.7464107098,1121923.85453266,1124922.6506770665,1122156.4442064543,1062997.3887804977,1121604.9953552447,1120341.8295267185,1124829.1683344666,1125177.3762610122,1131415.8311274757,1190288.4642265814,1190728.574651959,1191111.9544420952,1185979.1616507024,1162567.0173500667,1187833.9660658964,1190225.1784256073,1188024.489940625,1189970.645299406,1190075.1776124001,1193261.3134648108,1190519.5650330733,1190899.5654125179,1190561.595746188,1194722.2112707582,1191043.2600308682,1190674.5052423247,1190757.7294170973,1190494.3875986338,1190523.008973209,1187950.3077297518,1188015.2881211836,1187805.1223622814,1187658.531397552,1187752.1835968315,1187674.926381857,1186877.9496815738,1151004.6010565376,1184186.720244739,1186875.758600813,1186827.033640104,1186895.523213115,1187209.900438047,1186653.0379850075,1185775.309670617,1186689.4606560015,1187202.9643109231,1186624.234963401,1186760.2731061836,1186173.907486312,1187597.7974812586,1187787.077909819,1187811.2416995454,1187806.3573398658,1187871.976631229,1187696.1404081357,1187594.0088707253,1187436.8778754983,1187642.1523658407,1187732.6768551352,1187599.3723744373,1187587.440559093,1187732.6996965432,1187721.4465597032,1187634.2513698554,1187614.1608834048,1187705.039315739,1187709.0787366875,1187691.6655817996,1187695.1415915587,1187682.5687138068,1187699.9794172917,1187711.338262566],"rtt":[0.6186309743340224,0.2755512169699458,0.26721226856062363,0.2236439660198858,0.22165844062770632,0.211869890402089,0.20133678456153126,0.17822704859161737,0.17670281996978998,0.1773465687768828,0.17363925942317898,0.16316892124915794,0.16313752656852662,0.1591960506144267,0.15894248131274458,0.1580253471675926,0.15703396659016772,0.15634586009100312,0.1559166621493544,0.1560505290723246,0.15632204233484004,0.1562053412409581,0.15578695601290252,0.1556206366487324,0.15567527398730185,0.15578711514557655,0.15570283216968386,0.15569602942669572,0.15562310314626693,0.15561424027809015,0.1556759266782549,0.15562757785250492,0.15557578314153733,0.15559743929224487,0.15557601025213372,0.15567177090776588,0.15571043814811603,0.15575519168332919,0.15585847207826603,0.15586923719930745,0.15591108414768343,0.15576083692343115,0.15575614218113307,0.15578716367696474,0.15583463651892757,0.15580319455701028,0.1558264252773149,0.1558218128190374,0.15594634023375045,0.15586636802064457,0.15588302476531726,0.1558655382006536,0.15596084344646108,0.15590274326980602,0.1558853017469013,0.15588395430764698,0.15586063527562397,0.15585648826757195,0.1558026623966155,0.1558083868245241,0.15578352844302273,0.15577868748243856,0.1557833856437768,0.15577555155704462,0.15574967896163736,0.15573915167739588,0.15574108209584198,0.1557528555830382,0.1557501362996822,0.15574663498968438,0.15575617115130388,0.15574682233619075,0.15573954317304234,0.15574420832931313,0.15575416023377658,0.1557524509324702,0.15574967438839998,0.15573924800494796,0.15576554096889467,0.15578322663490127,0.1557886784434216,0.15578748917995755,0.15579389418605888,0.15577982612014243,0.1557658878675382,0.1557603505715738,0.15576716976344754,0.15578378655896047,0.15577363862549612,0.155770581279679,0.15577577030598605,0.1557819095087208,0.1557766802115766,0.1557736010694351,0.15577301066774707,0.15577376697340264,0.15577779683024046,0.1557780725992658,0.15577929335537974,0.1557779791302338,0.15577538280844389],"utility":[326.68752391868003,396.74922763783974,399.7770865703093,414.6763279823634,415.46501039118255,419.25745301491656,423.5455739420384,433.8735712960215,434.60264512017903,434.281651153791,436.08491596279225,441.491901303108,441.4874959378606,443.65556475977843,443.8325552665194,444.3145109675016,444.8810373645159,445.2580409568221,445.46378178389807,445.41660401907563,445.2739340759708,445.3120872805465,445.51388533416815,445.6212056915125,445.5848896773631,445.54216486298253,445.5656287009104,445.5700625397067,445.6189105230717,445.6266090964014,445.58439421810476,445.6165020046723,445.6055888737897,445.6383079484902,445.6532005179455,445.5870709121119,445.55989856206446,445.5336804978949,445.50580669869396,445.49867826734396,445.4687235916514,445.57187656726217,445.5592138456722,445.55476097752546,445.5228102698811,445.5432275291507,445.52795097468726,445.53155259058815,445.4465159706997,445.4997483882609,445.4877028723303,445.4996330471189,445.43692700886254,445.47381795550626,445.485871090706,445.4870568289319,445.50388909776103,445.50630983472337,445.54332049795823,445.53924578086514,445.55737814650126,445.5603390976686,445.5568812663298,445.56250303451907,445.5807960276622,445.5624165257277,445.58522799953204,445.5782135270107,445.5804401595286,445.5834524405005,445.57651626954635,445.582597833149,445.5873229792534,445.58428312737095,445.57756025533035,445.57857647796726,445.58036518001643,445.5878269474336,445.56982413129873,445.5570154684803,445.5534612949266,445.5538760733477,445.54978172209667,445.559557134195,445.5691385648743,445.57330840936453,445.568584859761,445.5565211139571,445.56381840870597,445.5660050275318,445.56232090604925,445.55839917173904,445.5621164269167,445.56455870813176,445.5643390734307,445.56414341257914,445.5611807306552,445.56107371218525,445.56023771821276,445.5609689569472,445.56273380678005],"trainer_config":{"iters":2000,"updates_per_iter":5,"num_minibatches":4,"min_point":{"ack_ewma":"0ms","send_ewma":"0ms","rtt_ratio":1.0},"max_point":{"ack_ewma":"500ms","send_ewma":"500ms","rtt_ratio":5.0},"min_action":{"window_multiplier":0.0,"window_increment":0,"intersend_delay":"0.25ms"},"max_action":{"window_multiplier":1.0,"window_increment":256,"intersend_delay":"3ms"},"hidden_layers":[32,16],"entropy_coefficient":0.01,"value_function_coefficient":0.5,"learning_rate":0.0003,"learning_rate_annealing":true,"clip":0.2,"clip_annealing":true,"weight_decay":null,"discounting_mode":{"type":"continuous_rate","half_life":"1s"},"bandwidth_half_life":"100ms","rollout_config":{"network_samples":100,"run_sim_for":"60s"},"repeat_actions":{"type":"uniform","min":0,"max":200}},"network_config":{"Remy":{"rtt":{"type":"uniform","min":"100ms","max":"200ms"},"bandwidth":{"type":"uniform","min":"10Mb/s","max":"20Mb/s"},"loss_rate":{"type":"always","value":0.0},"buffer_size":null,