{"timestamps":[0.2652241,30.5525112,54.1250331,78.6500394,107.2304671,137.1134688,169.1600771,200.6579725,234.1942009,269.2206601,304.7095224,338.8788017,372.2820784,404.6071892,436.501507,469.3080467,502.1370181,533.9920282,565.5949695,597.2679638,629.1982824,660.9101204,693.0861401,724.4951547,756.3262575,787.6207188,819.1989618,850.9359937,882.5847516,914.7365944,945.6242504,977.6448391,1009.5143788,1040.9605018,1071.6878242,1102.791688,1133.6468606,1164.2541026,1195.0853111,1225.5171022,1255.7144104,1286.171974,1316.6202428,1346.9319773,1377.5844364,1408.6927788,1439.9387007,1470.6158564,1500.3216422,1530.3947593,1561.2082574,1592.2767675,1624.088938,1656.0150496,1687.7582304,1718.9508056,1750.5257968,1782.8185456,1813.9832054,1842.9545042,1888.1872146,1945.2260653,1974.2652352,2003.0164304,2032.5704648,2061.784819,2090.8551583,2120.3494182,2149.4348272,2178.7734147,2208.1851347,2238.5772011,2269.3093863,2300.1786667,2330.3931288,2361.2423179,2392.2770124,2423.0446875,2453.8561946,2483.9491521,2514.1954324,2544.4248666,2574.1723046,2604.2457545,2634.7121834,2664.7890793,2694.9391148,2724.9172074,2755.1643852,2785.5931149,2816.2173702,2846.5539245,2877.011587,2907.3346419,2938.0109446,2969.0296637,2999.8590305,3030.8812152,3060.2904667,3089.9489686,3119.6054617],"bandwidth":[3370910.042368462,2894892.797061351,2554459.5115423817,2750088.8465122655,2742623.721372005,2552165.983494344,1961793.5788842852,1804216.5784048857,1742109.7257806347,1505993.6480848098,1255504.044070852,1188032.2721244104,1189833.4191730532,1057363.0692241963,1058412.0901958456,1054837.4560453792,1055195.0112107552,970017.4151657403,988702.1980985169,991659.9014195857,988679.9234483325,1005011.2708864283,991345.6959997363,988083.9284403304,988213.072178833,947447.9702851627,926936.5821566986,959020.4735565755,925247.3156802177,931837.3944607375,990424.7557270963,992382.8905291955,988230.8696204136,922886.7071485253,984678.7271467447,986413.4450362962,970536.2202673835,986061.124776253,916048.7117683743,911285.1348417104,922320.4481780212,921747.9745336131,921415.8863267472,923391.6750824082,923877.9447653409,988655.3655369342,987464.7328215524,976047.0597867295,920616.9460346744,921691.3796721244,986008.3182440833,988327.3462664528,989467.8854191074,1051276.7647202327,1048815.4477942965,987704.6580860597,987166.7749974537,986448.4625625155,986174.8363151074,986155.9400111458,982590.853863817,921679.0850780781,921286.651289443,923074.9235883729,921030.6210512164,921391.1951363076,921355.0730232878,921439.2326850459,921381.41661369,921404.8487051536,983876.1053299633,987009.9977354011,988477.4448624682,988246.8085943994,987822.8163478931,988184.8020094952,988298.0084820417,986640.4587539214,924040.5668115894,924060.9757075993,923667.4592021991,923624.0655706913,923587.1879792872,923458.2176563893,923262.1125469131,923653.8692233659,923459.3503265295,923644.7067081052,923606.1901627829,923667.9707968765,923633.1269545841,923520.1777363266,923549.4517680674,985601.4692243015,985497.0511990095,985515.9888946598,985389.8083900611,985173.7012445669,985322.0860888013,985289.5599907488,985322.9426148873],"rtt":[0.6186309743340224,0.20996675699951434,0.18721911190131368,0.20194764240251034,0.20799293105299052,0.18588389845741143,0.1641434809021921,0.16145327764428175,0.16010836164223913,0.15770050040197794,0.15619823554756004,0.1558840171991051,0.1559359880687782,0.15548629602501376,0.15555675362253307,0.15543776933459183,0.15544824759729323,0.15527736184882462,0.15530353403209332,0.15537075804684053,0.1552950756376578,0.15543181718861881,0.15535149998945175,0.15529068652525763,0.1552908373729908,0.15529694318050252,0.15526570843419268,0.15529962972173073,0.15526408894831842,0.1552945332851897,0.15538191781715718,0.15542986013634183,0.1552684495232758,0.15518087078295714,0.1552614331199897,0.15528432865332487,0.15528699447048,0.1552878015352408,0.15517537850142868,0.15520642432341228,0.15525393024395867,0.15522502633333468,0.15521903488784225,0.15523808158815836,0.15522985603022468,0.15535822602890534,0.15533324518231278,0.15518447251906933,0.15517918793757068,0.15520234490711224,0.15525925442607866,0.1553449863502437,0.15536087195605083,0.15538191665572745,0.15535218909469975,0.1553322184346881,0.15531895759578193,0.1553174481047465,0.15530590537454392,0.1553065111265637,0.15521227363641035,0.1552042913510199,0.1551973722485903,0.15521034071628317,0.15520494178350897,0.15519929110271288,0.1551978533485766,0.15519389163169903,0.15518775872296856,0.15519200026092694,0.1552326871312339,0.15531656137929664,0.15536565175311515,0.15535455011568564,0.15535616114894205,0.15536138000383748,0.15536723568010175,0.15527075852316496,0.15523629313143023,0.15523603336536826,0.15523089238484403,0.15522919057668796,0.1552271076427908,0.15522566373794042,0.15521924048778313,0.155222350418756,0.1552177642466259,0.15522366602513837,0.15522323719460682,0.155224876280004,0.1552217053661035,0.15522073659529873,0.1552329920278824,0.15524994651402887,0.15524730319503466,0.15524411621511072,0.15524225477382742,0.15524105907705676,0.15524294391265647,0.15524189325889026,0.15524257890530327],"utility":[326.68752391868003,419.94332487854086,429.6969382291548,423.2574918018626,420.89912850893035,430.3181470159648,440.93082179475005,442.3811602342861,443.1381425090057,444.48496104864074,445.3156288028072,445.4862323351226,445.44804470556994,445.66289317591816,445.61279782860515,445.69687222341867,445.6893708535687,445.7386761061979,445.73538417013344,445.6889529848277,445.74138940986944,445.6585445278001,445.7026384026113,445.7440987934068,445.7445459684181,445.70416442132483,445.70484429626435,445.7134799624924,445.70401840006707,445.69014577724323,445.67893312716416,445.64729356933753,445.7649251437658,445.7615837641608,445.762922166965,445.7478449613189,445.7316375939924,445.74427136891,445.7595142567715,445.74164298936296,445.7069430683805,445.72704501531,445.73230535091767,445.72000651480283,445.7262475295736,445.69513326405064,445.71242737421704,445.81688810152394,445.759954106853,445.74397466839685,445.7693136486248,445.70397052569575,445.6930214519061,445.73951840829,445.75959601422437,445.7126777113428,445.72148123754647,445.7221109648259,445.73039326283896,445.7299846158464,445.8008384511331,445.7422539760011,445.7466836679868,445.73937926715166,445.74128272466197,445.7454151715625,445.7464767160376,445.7496500036466,445.75426008384346,445.75112712410464,445.7870497215664,445.72644277905863,445.68800158493525,445.6960651181578,445.69365871794173,445.6903158450329,445.6862780747799,445.76102763341265,445.7209466454005,445.72134241704424,445.72450905589193,445.72586313025545,445.7276679537343,445.72860845017163,445.7328028682824,445.7310327541372,445.73426588515,445.73003199508014,445.73029635130126,445.7290625335151,445.731369316598,445.7321020086753,445.7246999715854,445.77566786461205,445.7774768274425,445.77998669079824,445.78112156072933,445.7817519453335,445.7804316998112,445.7811996421409,445.7806721987593],"trainer_config":{"iters":4000,"updates_per_iter":5,"num_minibatches":4,"min_point":{"ack_ewma":"0ms","send_ewma":"0ms","rtt_ratio":1.0},"max_point":{"ack_ewma":"500ms","send_ewma":"500ms","rtt_ratio":5.0},"min_action":{"window_multiplier":0.0,"window_increment":0,"intersend_delay":"0.25ms"},"max_action":{"window_multiplier":1.0,"window_increment":256,"intersend_delay":"3ms"},"hidden_layers":[32,16],"entropy_coefficient":0.01,"value_function_coefficient":0.5,"learning_rate":0.0003,"learning_rate_annealing":true,"clip":0.2,"clip_annealing":true,"weight_decay":null,"discounting_mode":{"type":"continuous_rate","half_life":"1s"},"bandwidth_half_life":"100ms","rollout_config":{"network_samples":100,"run_sim_for":"60s"},"repeat_actions":{"type":"uniform","min":0,"max":200}},"network_config":{"Remy":{"rtt":{"type":"uniform","min":"100ms","max":"200ms"},"bandwidth":{"type":"uniform","min":"10Mb/s","max":"20Mb/s"},"loss_rate":{"type":"always","value":0.0},"buffer_size":null,