{"timestamps":[0.2430481,19.8314648,32.4882407,44.2522344,56.6685489,69.3912197,82.2187772,94.7290037,107.6393069,121.726424,137.3734805,151.2239552,166.0336359,181.4731756,196.8125036,212.4299368,230.1071589,248.3710287,266.9306231,286.1972243,304.1572326,321.9744616,339.3577163,355.9804628,372.6937282,390.086119,407.5516886,425.2944147,442.3933115,461.0209139,478.5082983,496.458597,513.9411695,530.5897714,546.7291528,562.8721653,579.2050619,595.4063826,611.4129033,627.4906129,643.4333696,659.852822,676.3650779,692.4280429,708.6795893,724.0585252,740.218132,756.1639453,772.0675996,787.7133982,803.0186499,819.0595864,834.6787061,850.0191695,865.3975312,880.5850075,895.7369287,912.1712173,927.7470236,942.3930929,957.4479752,973.2230923,988.5674599,1004.1469934,1019.2256714,1034.5330873,1049.7611332,1065.0809009,1079.8788937,1095.2969352,1110.4993872,1125.90291,1141.1338193,1156.5602095,1172.2906059,1187.4603703,1202.8693644,1218.1791736,1233.7636137,1249.2175789,1264.5943915,1280.0923156,1295.9667138,1311.3843905,1326.8001344,1342.2621615,1358.0484923,1373.5582721,1389.3505682,1405.3757427,1421.4191222,1437.0905197,1452.8763117,1468.6013491,1484.1160559,1499.7877058,1515.3443108,1531.1564894,1547.2323513,1563.0457412,1579.0566867],"bandwidth":[3370910.042368462,3157910.7223988147,2365227.9366909126,2784803.338000789,2328409.2040904174,2491885.5397568117,2950734.0678179106,2415148.151872811,2567351.1806505076,2760251.578320427,2635166.2041788646,2313332.6341510955,2341647.980897488,2005854.5297915454,2183356.876364345,2011405.7450799448,1901542.8108645126,1797731.9153174,1626273.3388089025,1565747.6709557374,1424587.351170287,1317023.5692192963,1255676.7342227264,1125282.1715733644,1246358.478454486,1185976.2150311884,1132685.0620031578,1125218.7406659087,1228952.9110694404,1251815.4638023116,1251208.2442243122,1252609.743516102,1181773.1600229414,1123190.7736235172,1118968.4322814068,1119432.24005664,1122599.6077319412,1122010.6603001498,1121461.634840564,1118078.5170046664,1121810.0521257322,1122546.3132601446,1121428.9908706842,1121227.869015403,1118754.2589513804,1117040.1057440045,1116687.0368025175,1091353.914567274,1075504.2821014808,1054937.89667685,1054866.484134368,1060980.2225872385,1052290.8886142697,1046113.6124931346,988504.2274481611,991035.1498339176,990710.5539390277,991060.2144411405,991497.5346281884,991547.2853125135,991413.8961784092,991159.99934654,991395.4978454032,990545.5257944206,989858.7030186075,990596.0059746813,988533.8708398652,988207.0845105075,987358.9423752077,988454.0168102457,1047838.4644915011,1046572.814700155,1045167.8919889088,947070.4855266977,988413.1803734695,1000191.4637824189,991034.0820910885,1052996.337585889,994891.0713174976,991466.8275197856,991633.1514026173,1053999.329145486,1051873.383406426,991265.5870118096,991133.6619908646,991403.1292307776,992053.3129597645,992231.8894700282,993995.9503786437,993406.2176317734,993130.8049219076,994799.0073527347,992746.0857227399,992724.1107080696,992473.2407996655,992479.3001264826,992653.3405128265,992647.6874642253,992648.1772623927,992648.8969989531,992622.540126148],"rtt":[0.6186309743340224,0.24562144941840752,0.17873864289229327,0.20112142914429926,0.1785676066730951,0.18502544687692063,0.2153421661183973,0.18139155649059152,0.18715926133500702,0.19689853813783526,0.18877678127129888,0.17392191848147048,0.17623068073882095,0.16565977347849872,0.16913609761881646,0.1654126699826958,0.1631942695023682,0.16127406002815176,0.15911353313329082,0.15833791542659678,0.15711018267473356,0.1565349731766111,0.15632328546560542,0.1558385940211422,0.15597923899403762,0.15593468944601477,0.1558913082191663,0.15585268436389868,0.15591846920900831,0.1561465307188812,0.1561339091321202,0.15624794405598072,0.1558673820897453,0.1557627363185471,0.1555834161242885,0.15559900967715815,0.15571686245680344,0.15572093201533424,0.15570862432521632,0.15557663090516682,0.15572354919077316,0.1557300759541459,0.15568474059581813,0.15565856578943166,0.15559311080455612,0.15555426514773396,0.15557779773571442,0.15558031423397142,0.15558568350312413,0.155472094197988,0.15548991220200484,0.15562642932947365,0.15539597348434347,0.15534500092801073,0.15532378503524039,0.1553758459729654,0.15536477806121374,0.15538142773500582,0.15539368153424787,0.1554000833317427,0.1554069338893521,0.15538479557509227,0.15539968973979007,0.1553486276738899,0.15534321655786637,0.15535915212517595,0.15532921424062227,0.15531622929452074,0.15530838925250007,0.1553269505493841,0.15535552230801902,0.1553387567345388,0.15533398213072042,0.1553285860262451,0.15532729479318505,0.15540885527680162,0.15538121070430339,0.15541318365724013,0.1554493472274362,0.1553917638392449,0.15540750329121447,0.15544451596904305,0.15541264790921147,0.15538340775976128,0.15537438651996724,0.15538757789873242,0.15541704274160795,0.15543295728889836,0.15546248598982684,0.1554581665367581,0.1554642378983402,0.15547600875807152,0.1554585428750385,0.15545638028977585,0.1554447807682285,0.15544765685673018,0.1554533493310932,0.15545228661631325,0.15545043793106056,0.15545197443514508,0.1554506491781233],"utility":[326.68752391868003,406.40628558355456,433.63677045818133,423.6283834305651,433.6987756159135,430.70189015211497,417.7726874424853,432.37840811064683,429.7243762190649,425.41285328989795,428.9712010124884,435.9551935222372,434.8061234622204,440.13047642575725,438.3447775120541,440.26400825443113,441.437473546382,442.47951936197734,443.67615508863753,444.1225613040503,444.8177143296367,445.13685068666604,445.23272444202144,445.4693448735504,445.4709010953954,445.4535273161813,445.43793616691426,445.45805945627546,445.50067666496153,445.353642508926,445.3614003219378,445.28073002919905,445.49289758287847,445.5202405242814,445.64816205332824,445.6370961473704,445.55256710436595,445.5492937828898,445.5568504301611,445.65267033106545,445.54935224298515,445.54610018527165,445.5744053751815,445.5966966095695,445.6397405375507,445.6688210356257,445.6499512248057,445.6297400278425,445.61236977260853,445.6759649547225,445.66084681602104,445.5676053796532,445.7312873766438,445.76417278550366,445.7204736320371,445.6843125002319,445.69226093500146,445.680312045077,445.67113545945944,445.6661416795026,445.66092952765575,445.6774917477681,445.6661667314969,445.7039836530613,445.7073617746092,445.69606190076354,445.71622602706367,445.7257805767198,445.73060678302716,445.7194381597826,445.7569610395523,445.7685425977263,445.7710230468029,445.68323165049225,445.7189391629484,445.67686768055603,445.6810201247717,445.71903881190246,445.6401326926285,445.67390830397255,445.66187987053115,445.69622319888936,445.71854067434543,445.67967653360444,445.6857889219115,445.67701976444823,445.6550538578468,445.64408711398767,445.6262113349354,445.6280729658321,445.6242082801216,445.6180361834245,445.6274133658789,445.6287194459462,445.6363624358291,445.6344476789489,445.6306287784582,445.63138875367787,445.63271114739166,445.6316823466552,445.6325866075465],"trainer_config":{"iters":2000,"updates_per_iter":5,"num_minibatches":4,"min_point":{"ack_ewma":"0ms","send_ewma":"0ms","rtt_ratio":1.0},"max_point":{"ack_ewma":"500ms","send_ewma":"500ms","rtt_ratio":5.0},"min_action":{"window_multiplier":0.0,"window_increment":0,"intersend_delay":"0.25ms"},"max_action":{"window_multiplier":1.0,"window_increment":256,"intersend_delay":"3ms"},"hidden_layers":[32,16],"entropy_coefficient":0.01,"value_function_coefficient":0.5,"learning_rate":0.0003,"learning_rate_annealing":true,"clip":0.2,"clip_annealing":true,"weight_decay":null,"discounting_mode":{"type":"continuous_rate","half_life":"1s"},"bandwidth_half_life":"100ms","rollout_config":{"network_samples":100,"run_sim_for":"60s"},"repeat_actions":{"type":"uniform","min":0,"max":200}},"network_config":{"Remy":{"rtt":{"type":"uniform","min":"100ms","max":"200ms"},"bandwidth":{"type":"uniform","min":"10Mb/s","max":"20Mb/s"},"loss_rate":{"type":"always","value":0.0},"buffer_size":null,"num_senders":{"type":"uniform",