{"timestamps":[0.2255306,12.2071748,19.657073,25.733158,32.131495,38.7871869,44.6192338,50.8495097,57.3252781,63.7841832,71.1154743,77.8805808,85.4691158,93.3468427,100.534436,107.3668315,114.4896709,122.0706108,129.8446741,137.2974984,144.486334,152.0827324,159.2983166,167.2520378,175.4000427,182.9872563,191.3236787,199.8963904,208.2190302,217.0980892,224.3099404,232.4417927,240.9227588,249.0228601,257.3865733,266.2074604,274.601931,282.9484704,291.1019637,299.6208245,307.9040194,316.2480347,324.923371,333.0092178,341.72687,350.6197387,359.2901831,367.7659516,376.2312684,384.5641762,393.277658,402.1394137,410.9199976,419.8559656,428.5959954,436.9955524,445.5093348,455.0873891,464.4474817,472.3722493,480.8601934,488.9312178,497.5950947,506.1850261,514.400588,522.8757724,531.3068191,539.6578377,548.1284587,556.4912368,564.8055498,573.2253291,581.4587494,589.7254442,598.0783175,606.3830873,615.0519241,623.6436389,631.8115916,640.2780606,648.5529271,656.8537435,665.2538649,673.608763,681.9978671,690.1644206,697.9729831,706.0089708,714.1835356,722.3964169,731.0029204,739.4581179,747.9233578,756.5723117,765.1664994,773.6323776,781.9249352,790.2730348,798.7199069,806.9914787,815.3447365],"bandwidth":[3370910.042368462,3337843.0186175513,3093231.871371385,2720407.73514315,2988352.2267332524,2692783.6548472745,2787472.52180305,2807247.8097130978,2525966.0730384085,2860273.930216411,2961502.117825469,2912874.3626019424,2940917.3999504256,2931922.0520216357,2809268.850743242,2807570.21115349,2790283.18708265,2776261.698963347,2706821.917468181,2529880.405161935,2577750.505626805,2529241.763651569,2579293.9409246496,2642829.8553474997,2555857.205684536,2577955.023428904,2605774.585644224,2657912.6508557,2589221.95963933,2465699.8481413084,2400515.005327699,2203705.9301289823,2367552.377257859,2108260.1361763533,2285231.485219288,2199247.09398165,2059509.3271383038,1956727.4196028917,2106612.3660622938,1959759.3470959351,1797714.7152365504,1735314.456731186,1738357.2309954003,1792766.229192679,1685945.553667045,1737099.3544519278,1670517.5930658765,1508060.8259265078,1441495.1212672682,1503621.948952421,1503250.0013135066,1448393.1628258852,1503556.477231129,1445184.1114780663,1384173.2786500002,1382679.562986842,1383062.2743870898,1445829.5432915583,1442097.4062041086,1319408.2954430277,1319325.6432169238,1259217.2281123074,1320104.4848491272,1319381.8558685312,1320668.776092008,1379915.282777636,1378026.85921457,1379058.202764468,1378872.5947672424,1308449.6168723337,1304261.026374452,1255585.882914503,1257620.4262620315,1287747.8842740564,1256490.1439856922,1315499.4891260932,1316243.1154023309,1259370.135013398,1255601.5832943544,1255464.8057783623,1254673.0070548072,1250526.3141416046,1251418.2017633708,1251506.2859610992,1244223.3389379277,1191439.7047047333,1190878.1944488056,1190749.5086122288,1190695.6036253877,1191494.3672385765,1190569.27195433,1191040.8217630042,1191618.0920454443,1192548.784793671,1191525.1053721092,1191816.0888956117,1191664.273650419,1191451.0574955377,1191356.8844350136,1191528.8728697062,1191506.0599249916],"rtt":[0.6186309743340224,0.366689629043691,0.24852851317360028,0.19903247522867584,0.23039258872067195,0.19695865842823887,0.20508478447840078,0.2052388884805845,0.18661963983272475,0.2164506548068809,0.23132548319445004,0.22480231112544324,0.23098691091741994,0.2338049373080112,0.2084231800667166,0.21046711248076638,0.20911019380241108,0.2094623244125845,0.19818399827406533,0.18383341773709513,0.18797234312922143,0.18338052888763626,0.18671508890720245,0.1895186206115826,0.18285311233421794,0.18611873467479273,0.18625725648615174,0.19105222926893464,0.18546315488161447,0.17788336793951878,0.17551460374746236,0.1696060245982562,0.17354284731756575,0.16652006386507334,0.16954052690288887,0.16802120266482753,0.165134885473836,0.16245020750260852,0.16540229641763046,0.1628423987682799,0.16048967419765833,0.1595628442740266,0.1596118833332757,0.16020392242588238,0.15924977789230343,0.15937862060911068,0.1586526964425684,0.1574474489612464,0.15703808802232372,0.15742136880283794,0.1574010302324564,0.15732934604094767,0.157367531893034,0.15709671684364154,0.15691703649089522,0.1567678089480259,0.15681446986275732,0.1571486468441796,0.15702196568213023,0.15644868212952406,0.15643074911090377,0.15628810705181004,0.15649229441446671,0.15643988372732756,0.15650690301048528,0.1566557067966335,0.15657189615885977,0.15660035256655683,0.15659852102965183,0.15627682553230243,0.15627434254458858,0.15616385554011022,0.15623984383151118,0.15625610885907362,0.15620165756125878,0.15627975030486194,0.1563143785733989,0.15624645973613924,0.15614704849725367,0.15612499826742657,0.15607333496081346,0.15599507117955694,0.15600043731451313,0.15600715908524249,0.15598583699006843,0.15595192095664126,0.15592656839130178,0.15591065402395124,0.1559078849561402,0.1559521355469605,0.15589468971507775,0.15593729519983132,0.15595090521431498,0.1559685636599428,0.15595187987300121,0.1559573943510237,0.15595268503474827,0.15594667664274908,0.15594548747977982,0.15595381900403651,0.15595240752785236],"utility":[326.68752391868003,371.8257028010772,405.4491296555081,424.50909692956816,412.05926441803035,425.4163588130379,421.97477033511854,421.9224977628593,429.9955319774718,417.3750622088388,411.7345359125285,414.1838987082655,411.8839286001746,410.94810913543836,420.5651584948078,419.75576428880447,420.3650848830974,420.25778488655055,424.9585413446157,431.25178560545453,429.38507376774794,431.4636473069352,429.9441153343005,428.695681122006,431.70474579983585,430.20872524938125,430.1354393855983,427.9862926498024,430.4996911991548,434.02518041145646,435.15069892017357,438.0953677604847,436.1232118594428,439.69040143548233,438.1600611559654,438.914371016721,440.4163556720304,441.8700758791088,440.28435617987583,441.65273238174206,442.9361242255625,443.45858533347655,443.4272832154636,443.1030951599186,443.6159280979944,443.56638462798094,443.97593948137944,444.653273565621,444.876928523833,444.6631653473135,444.6753352695486,444.68989567558896,444.69758484379713,444.8403058915606,444.9206590086279,445.0190433756865,444.9880932497134,444.80685061333685,444.88727847237595,445.1898060131422,445.20242228076296,445.25779898534324,445.16226648870884,445.1969023501085,445.15388273346343,445.0927653205175,445.1487386262269,445.1290497967435,445.1301832652972,445.3008227338318,445.30031968210756,445.33984841542303,445.29040114886146,445.3017434909231,445.31497572771934,445.30271738993,445.2787132197121,445.2870847721093,445.351405553985,445.366273543922,445.4020872617285,445.45448113069307,445.4512398548548,445.4467263063117,445.456876069448,445.4401045626215,445.456625539259,445.46739770021526,445.4694483920706,445.43945270350383,445.4789995143114,445.4495159667609,445.44072361993165,445.4287276379661,445.4398550532759,445.4361597351598,445.43969031848945,445.4434177701502,445.4439606278283,445.43897875561936,445.43925707605086],"trainer_config":{"iters":1000,"updates_per_iter":5,"num_minibatches":4,"min_point":{"ack_ewma":"0ms","send_ewma":"0ms","rtt_ratio":1.0},"max_point":{"ack_ewma":"500ms","send_ewma":"500ms","rtt_ratio":5.0},"min_action":{"window_multiplier":0.0,"window_increment":0,"intersend_delay":"0.25ms"},"max_action":{"window_multiplier":1.0,"window_increment":256,"intersend_delay":"3ms"},"hidden_layers":[32,16],"entropy_coefficient":0.01,"value_function_coefficient":0.5,"learning_rate":0.0003,"learning_rate_annealing":true,"clip":0.2,"clip_annealing":true,"weight_decay":null,"discounting_mode":{"type":"continuous_rate","half_life":"1s"},"bandwidth_half_life":"100ms","rollout_config":{"network_samples":100,"run_sim_for":"60s"},"repeat_actions":{"type":"uniform","min":0,"max":200}},"network_config":{"Remy":{"rtt":{"type":"uniform","min":"100ms","max":"200ms"},"bandwidth":{"type":"uniform","min":"10Mb/s","max":"20Mb/s"},"loss_rate":{"type":"always","value":0.0},"buffer_size":null,"num_senders":{"type":"uniform","min":1,"max":16},