{"timestamps":[0.2232084,13.0997132,24.8464062,36.4998058,48.9068778,60.5917428,72.5102252,84.8694378,97.409827,109.8950692,121.8450198,134.5203821,147.0667037,159.4554577,171.9214442,184.2962867,196.6208781,209.3326067,221.3572077,233.899777,246.8183633,259.8517294,273.1059324,286.4560436,299.0595592,312.4732896,325.2770921,337.8930884,351.1477815,364.9921024,376.2342081,388.7606305,401.5070829,413.4830262,424.8136023,436.8027017,448.8976761,460.8000612,473.0011945,484.8070518,497.1684379,509.2529154,521.199343,533.5291533,545.795398,558.3726489,570.533116,582.3245855,594.1120955,606.0370721,617.7897797,629.6027713,679.655951,740.9086393,752.9721159,764.5697448,776.3470796,789.2811447,801.0163681,811.6812399,823.2714313,835.2069756,847.2607176,858.9225,870.398776,882.1082373,893.7025886,905.6734169,917.1961321,929.0040855,941.2391336,953.2206675,965.5091961,977.5243951,989.7367194,1002.2239902,1014.2398638,1026.7737726,1038.9719766,1050.8743077,1063.1370949,1075.5241469,1087.9787563,1100.0526544,1111.9026797,1124.3142149,1136.5546989,1148.6292252,1160.7830288,1173.0090739,1185.1194674,1197.2367154,1209.5869355,1221.6429839,1233.7593977,1245.9276987,1258.0117398,1270.0599634,1281.878517,1293.912823,1305.9158813],"bandwidth":[3370910.042368462,3247256.915960583,3114556.6535341446,2989256.686479723,2922512.3091602875,2880972.073814671,2886818.8125288305,2863405.319841637,2856440.8474909156,2809476.5631753537,2798205.1448636735,2781855.3505005594,2764486.030497791,2718796.7111414843,2679016.0214542556,2604704.6258386853,2583993.3776089526,2439439.289182249,2516443.4422766943,2532615.813516333,2488462.86801554,2467090.49720166,2479248.698099084,2398780.423739563,2318351.444766796,2287999.1376350513,2320790.2316970634,2321373.1401320756,2310460.653111504,2239230.1375925024,2201734.5069067567,2200859.349320048,2156563.945104097,2119015.025864964,2114265.0749878827,2099792.422112548,2116995.5514870905,2114007.865258035,2148093.2228851253,2183632.6945004705,2188223.844880822,2189811.0285038664,2190123.8963302067,2220516.3477360415,2215362.555266567,2214521.7405898934,2181872.9714162904,2217605.0679656058,2250384.255060122,2276719.264950245,2250342.3389984216,2249801.3258658634,2266830.616231981,2249931.4713240247,2245021.9690375626,2239593.492442367,2214121.7870581904,2208683.8025650517,2207366.531778716,2209992.8813412683,2233179.1814937103,2223850.1122006075,2206823.912079485,2202216.3034145925,2206616.7741102003,2204224.5523185353,2204072.2144042673,2200642.513912639,2204122.5747472416,2201693.923754005,2204623.694242218,2201388.6935964026,2199820.871126267,2201645.4345346317,2201706.3813024545,2200992.566069836,2206258.533792827,2199403.7146925535,2195331.425802138,2195775.6261095586,2193529.4679349842,2186459.342765069,2159292.309104065,2158779.2180408332,2161057.30608185,2160373.946932237,2157992.7393174176,2157981.159675938,2153583.667400485,2152760.0206849133,2147635.022126415,2153387.338000861,2155802.2868509428,2152766.966414265,2153472.4774440085,2153865.0397672923,2155928.9307118994,2152503.359850451,2152808.177820941,2153739.891334159,2152658.3246503654],"rtt":[0.6186309743340224,0.4634257129609224,0.3829510749908494,0.3660936299112303,0.32205474381249355,0.2542587332362742,0.2307929780044011,0.2181945520831096,0.20550798822793226,0.19380690132728376,0.19021546126396865,0.19115513632448114,0.1877430783609057,0.18252661837223222,0.1791541798984518,0.17559405918383855,0.17416994373212377,0.16967198078653464,0.17232747882442703,0.1732521520203533,0.1718122360874114,0.17087613167362597,0.17150238289144867,0.1692793797985614,0.1672401032257819,0.1669146569874039,0.16765190716519124,0.16774080428878538,0.1672226820938162,0.16611854328056966,0.1656024897605973,0.16578351372936917,0.16502083057108938,0.16439705200608418,0.1642438417728859,0.1643411786758392,0.1649671817564225,0.1647581542296924,0.16520707853064007,0.1658762247398329,0.16562621338921135,0.16570057653176537,0.16605130646078697,0.16640674549994344,0.1666171840646282,0.1668182002432222,0.16617065435226486,0.1670671553109679,0.16761971586834906,0.16780555627853339,0.16754173627721972,0.16781997489113512,0.16787181744758342,0.16769398646017208,0.16728736559832,0.1675014307520696,0.16704612144873643,0.1667121956902182,0.16691836012939193,0.16695471000250367,0.16732399348842258,0.16724909714491146,0.1671198360815421,0.16682513068516058,0.16694223856282012,0.1671920907539767,0.1671128676702947,0.16730391816531848,0.167446778134016,0.1672288390197191,0.16734939246509228,0.16717352623179205,0.16716183167769175,0.16697053282526456,0.16725970991902614,0.1671519753702398,0.1674222380660176,0.16734683820290389,0.16733510153839806,0.16716687772337346,0.1672643250013745,0.16701951135403403,0.16698555757015535,0.16705417507548403,0.16672973762571378,0.16680679779332702,0.16682925245608296,0.16643869039105363,0.16641241636004914,0.1665965327082356,0.1664109164876303,0.16670894248342247,0.16648505236243402,0.16653037717565497,0.16653813217002444,0.16655113994305432,0.16648014711863468,0.166580644519899,0.16680761086202073,0.1667670001931215,0.1664568048586828],"utility":[58.500236783655424,61.06944548926398,62.78775172655251,63.28110595352767,64.3696569482639,66.11211700634345,66.87350459609813,67.34745970481151,67.86774690921133,68.37668182747824,68.53269404275144,68.49257119932628,68.6452876084854,68.88157441650259,69.03222861408581,69.18826666394422,69.25224319214622,69.43381486527755,69.32184769769664,69.28108171199042,69.33933661329702,69.38076024961131,69.35188570695404,69.4408764797551,69.5168738662583,69.52383480164491,69.4961300479892,69.49189679034608,69.51638020941498,69.54577410019198,69.56071348277705,69.55214343684716,69.57445364891679,69.59513144482042,69.60097153188339,69.58907151695995,69.56158419424577,69.56947603186215,69.56089710333458,69.53907330683465,69.55433691075478,69.54935797302974,69.53265882468219,69.52403167438567,69.51082296500522,69.50159345821451,69.52341487991922,69.48722264828743,69.4722308765305,69.4696394982902,69.47473518788883,69.46102650680533,69.46294109409223,69.46836164286479,69.48675109877605,69.47349214613742,69.48639077347454,69.50391279307392,69.49146125928289,69.48800584957306,69.47900460845952,69.4804596110725,69.47944187728011,69.49274883794578,69.49055481321162,69.4740134977499,69.4778118417569,69.46725478969847,69.46306598009217,69.47279355737481,69.46740195566301,69.47360819767559,69.47463423726724,69.48281562123492,69.47067419496004,69.47388310826408,69.46178213462684,69.46392415839185,69.46331558403185,69.4716254442992,69.46451350724482,69.47512652520437,69.46652966619287,69.46454510869215,69.48362201765184,69.4791314134895,69.4754359220877,69.49742117540724,69.49506340443351,69.48537182254903,69.49201378142435,69.48057696444972,69.4927295002678,69.48782473293804,69.48914694376963,69.48754586175252,69.49202483615892,69.48511974036218,69.4744706813493,69.47819347852379,69.49081624709],"trainer_config":{"iters":1000,"updates_per_iter":5,"num_minibatches":4,"min_point":{"ack_ewma":"0ms","send_ewma":"0ms","rtt_ratio":1.0},"max_point":{"ack_ewma":"500ms","send_ewma":"500ms","rtt_ratio":5.0},"min_action":{"window_multiplier":0.0,"window_increment":0,"intersend_delay":"0.25ms"},"max_action":{"window_multiplier":1.0,"window_increment":256,"intersend_delay":"3ms"},"hidden_layers":[32,16],"entropy_coefficient":0.01,"value_function_coefficient":0.5,"learning_rate":0.0003,"learning_rate_annealing":true,"clip":0.2,"clip_annealing":true,"weight_decay":null,"discounting_mode":{"type":"continuous_rate","half_life":"1s"},"bandwidth_half_life":"100ms","rollout_config":{"network_samples":100,"run_sim_for":"60s"},"repeat_actions":{"type":"uniform","min":0,"max":200}},"network_config":{"Remy":{"rtt":{"type":"uniform","min":"100ms","max":"200ms"},"bandwidth":{"type":"uniform","min":"10Mb/s","max":"20Mb/s"},"loss_rate":{"type":"always","value":0.0},"buffer_size":null,"num_senders":{"type":"uniform","min":1,"max":16},"off_time":{"type":"exponential","mean":"5s"},