{"timestamps":[0.264899,11.0648287,18.7084679,25.0123736,31.0342334,37.2115597,43.7709026,51.0599863,57.6106751,64.0812187,70.9702539,78.5025636,85.9999617,93.2340756,100.5446973,107.4398021,114.0289999,121.0882448,127.9999333,135.1833753,141.9487131,149.7474401,157.0376824,164.550456,171.8669065,179.0377693,186.2434333,193.9135949,201.5291608,209.390875,216.1491064,223.8849845,232.1057656,240.7134102,248.9661976,257.03942,265.328488,273.7339049,282.1111309,290.8071526,299.0005711,307.4547948,316.3855331,325.2020823,333.9316831,342.6683908,351.6665824,360.6109747,369.6768645,378.8651267,387.8396404,396.9722454,405.9290797,414.7677524,423.9863536,433.7649914,443.0846308,453.3652917,462.418405,470.4800015,479.2155844,487.7900965,496.7347448,505.5383294,514.089813,522.7174306,531.085953,539.8319281,548.4692776,557.2511777,565.7246061,574.5414204,582.9123094,591.3157195,599.5859565,608.0566483,616.6680115,624.9061643,633.088901,640.9970253,648.9922019,657.0061782,665.1746352,673.3538885,681.5178194,689.941649,698.256722,706.5255915,715.0145788,723.2755446,731.4493704,739.5735789,748.0052363,756.4546297,764.624672,773.2498823,781.8295015,789.8407007,797.9319097,806.1219974,814.3653201],"bandwidth":[3155202.69259894,3079759.357374504,2986136.157151834,2966061.7769297147,2880997.890331797,2802182.654477278,2790951.991836851,2800323.79861748,2795090.150586804,2775922.5001855665,2779942.924619583,2798862.014967176,2799618.9131068736,2792831.860239727,2782834.717885553,2767521.0589901316,2762630.897134224,2773955.996478899,2769813.1829183577,2777793.3077399614,2771822.4337075176,2770239.423571405,2768109.4326619203,2773272.922715393,2753160.388258357,2693175.8943021228,2721916.143317995,2718786.8048337228,2655781.2614546544,2614454.967662044,2603017.141890749,2629486.129869707,2656602.3111028327,2612441.995138347,2536757.456467922,2486421.346952655,2446207.661019,2461195.688320434,2439882.3117994308,2336934.641484128,2348434.9802868427,2345032.0321064643,2357013.60579911,2155794.7534225527,2237951.763981204,2224584.091962831,2218739.2099841554,2140155.8933307696,2207354.6538009387,2234017.9540625336,2143288.515393654,2164762.506529193,2100612.1109929485,2090710.7464602166,2054583.754743596,1970213.7729080566,2042218.731254419,2053588.1068503256,1994148.97249509,1917814.531900026,1918221.9898196002,1918775.3936318674,1937904.7171364725,1901958.3347538053,1852472.703427682,1820518.5273914735,1819607.0120411762,1729372.0300227597,1805143.4902184368,1723471.6590937397,1720688.1116735577,1714982.5601298872,1633266.226717055,1620421.078853502,1619713.4834417792,1619596.2826824232,1612092.9505274293,1605919.8866474996,1526929.8290360651,1520464.3624815058,1517616.6924759976,1511901.9747241861,1509723.1844915994,1512106.2762168297,1513066.9237568455,1512268.6931928655,1514442.6727376329,1530234.7946038677,1512002.3238847894,1512357.4762050128,1510213.869228332,1510241.8950790523,1510839.0135837072,1509781.8713690953,1507939.6325565844,1508256.765190974,1508178.6817395436,1508218.242269408,1508199.3826289875,1508019.3953665893,1507167.964396271],"rtt":[0.6145410894185144,0.3816863785058443,0.23399899271346544,0.2397155279548478,0.23213284692753453,0.23774599328190452,0.28458165998723595,0.28086440288153375,0.23396945852256656,0.26152909244664324,0.28430703364427884,0.2636053279061214,0.27234308159190235,0.2367015802530811,0.2445906286912682,0.20992935490183087,0.2132998427337398,0.21880159039917188,0.22583045744531613,0.21395211870468608,0.21083599921602836,0.20728559796776524,0.20213571556699608,0.1982098114593566,0.19366250515840905,0.1847101945769133,0.18826447657521175,0.1877636743392965,0.18186793166855222,0.1796851563147032,0.17799741024745327,0.17990068633437942,0.18254999450091516,0.17830723542767118,0.17489683986650614,0.17257804416833028,0.17023607980633176,0.1714319257886516,0.17011189260738582,0.16757204987552454,0.16757424801271287,0.16754464159578356,0.16800677838719477,0.16451281818329042,0.16532492481816044,0.16583544157579502,0.16578265976674697,0.16421066046994665,0.16485568098415626,0.16523070288216796,0.16400426656131098,0.16373521973269523,0.16337561231189607,0.162644616714866,0.16258590333845463,0.16153690503168416,0.1617801026448108,0.16206691281331995,0.16118013565235306,0.1604540754213791,0.16054893741468895,0.16041786085294335,0.16075307664274663,0.16014060423294174,0.15957716838991048,0.15938429289781786,0.15921257653282178,0.15889410974835583,0.15911024450065608,0.15874828191513135,0.15863696438444921,0.15822498190115633,0.158134338720373,0.15790443117640113,0.1577812588496368,0.15777662879511517,0.1574964791336009,0.15744123625045864,0.1574362455128028,0.15723301080528682,0.15716363975679568,0.15709087297100172,0.15697256420662212,0.15707665840880242,0.1572046259036628,0.15715545673000936,0.15720036804887005,0.15729038119739885,0.15722485626159896,0.1571562701780023,0.1570808608719316,0.15716164259051252,0.15711226821821522,0.15706242188115713,0.15702103667026274,0.15696696064126564,0.15698808599609224,0.15701479173359623,0.15695530231705543,0.15695805794991713,0.15697710521124972],"utility":[330.52339999269697,370.5100625625715,410.4783667244731,408.47502035089684,411.34175886009024,409.41161781712765,395.0860099607572,396.29786552046113,410.73481475849917,401.8614118044864,395.4375768374925,401.29716017108666,398.819629178909,409.6235697780777,406.825673999139,419.2140267350082,417.9366910458609,415.6605390414096,413.31014328969707,417.6348880253405,418.79729455968453,420.1326909228654,422.35723728847097,423.9842093467161,426.061059416733,430.26572787487044,428.5786959961073,428.8138781359448,431.6280823928264,432.71654003045694,433.5654234717454,432.61529241839827,431.32470385239054,433.4399216782969,435.1534408504993,436.36273644709934,437.5905485722162,436.9594128250008,437.6594314676584,439.006740920029,439.02069631310417,439.04762105138803,438.78469291012755,440.66812756683635,440.2509743820759,439.96755973115467,439.99662366723055,440.8564886595083,440.5054833515373,440.3033797431143,440.9589402895177,441.1295343668274,441.3169944144349,441.73427564660295,441.75726947476966,442.33677257207944,442.2262315520932,442.0600312748171,442.56809754236116,442.9694447118775,442.9168994116337,442.9979572174562,442.80348606135874,443.1560085621617,443.48636524249815,443.58891062416455,443.6987645797445,443.858187935667,443.75956992160076,443.9478688800947,444.0197327558913,444.2777766380918,444.29154968843187,444.4383494792175,444.5166169032293,444.52110504338435,444.70423293183245,444.7376932707802,444.701690944194,444.8306279738559,444.88053546440574,444.92037825714846,445.00424633596856,444.93166642236423,444.8450330866265,444.8774722705526,444.85066547747886,444.79971898747084,444.8288981702107,444.87497258720146,444.9279649811188,444.87396467498695,444.90609814023173,444.94052812810025,444.9680618128731,445.0043102416814,444.98881217756997,444.9721311315676,445.01113445800877,445.0093950860344,444.99600526408534],"trainer_config":{"iters":1000,"updates_per_iter":5,"min_point":{"ack_ewma":"0ms","send_ewma":"0ms","rtt_ratio":1.0},"max_point":{"ack_ewma":"125ms","send_ewma":"125ms","rtt_ratio":5.0},"min_action":{"window_multiplier":0.0,"window_increment":0,"intersend_delay":"0.25ms"},"max_action":{"window_multiplier":1.0,"window_increment":256,"intersend_delay":"3ms"},"hidden_layers":[64,32],"learning_rate":0.0003,"learning_rate_annealing":true,"clip":0.2,"clip_annealing":true,"weight_decay":0.001,"discounting_mode":{"type":"continuous_rate","half_life":"1s"},"bandwidth_half_life":"100ms","rollout_config":{"network_samples":100,"run_sim_for":"60s"},"repeat_actions":{"type":"uniform","min":0,"max":200}},"network_config":{"rtt":{"type":"uniform","min":"100ms","max":"200ms"},"bandwidth":{"type":"uniform","min":"10Mb/s","max":"20Mb/s"},"loss_rate":{"type":"always","value":0.0},"buffer_size":null,"num_senders":{"type":"uniform","min":1,"max":16},"off_time":{"type":"exponential","mean":"5s"},"on_time":{"type":"exponential","mean":"5s"}},