{"timestamps":[0.2547963,14.317853,28.5865724,43.1621047,57.3640608,71.7496941,86.1427144,100.3692328,114.7297298,129.1509049,143.6616951,158.326689,172.503145,186.8343661,200.9390912,215.1127484,228.9666829,242.6512774,256.5455478,270.5335031,284.5667376,299.0616101,312.7008205,326.8562361,340.7148331,354.9491933,369.0832142,382.8841153,396.1534674,411.6018422,424.4724757,437.9027286,451.0233155,464.2453763,476.8040094,489.91993,503.25727,516.6705755,556.0573732,569.5074218,582.480897,595.3712229,608.6810975,622.0586863,635.5988221,648.8085158,662.1995104,675.860578,688.9949057,702.8733056,716.2873596,729.6172694,743.8191971,757.923135,772.0958549,786.2515086,800.524035,816.3604209,830.4951279,843.5251914,857.8566419,872.213872,886.4955219,900.678913,914.8291611,928.862592,943.0297951,957.209337,971.3787201,985.4333208,999.9436345,1014.2655708,1028.462629,1042.9059506,1056.930516,1070.8281301,1085.0437606,1099.2986686,1113.4810389,1127.5920683,1141.4192824,1155.5165266,1169.4943426,1185.0165679,1199.621188,1213.9328167,1228.4300525,1242.7512834,1256.3667058,1270.906039,1285.0900984,1299.4119865,1313.4145718,1327.7338221,1342.0100485,1355.9760619,1370.4571396,1384.4883994,1398.7810569,1413.2037745,1427.5513043],"bandwidth":[3370910.042368462,3356019.070130508,3285585.650158042,3207942.811758156,3203384.365396191,3114879.143188807,3097045.4202408483,3088462.7744596214,3132066.194825204,3139891.940147091,3076324.7150970106,3024824.9456258845,3049983.136808624,2952263.0055677313,2896937.2132330732,2879554.719108184,2844207.074423267,2832328.8619260555,2818792.699716333,2813982.7744429777,2817716.609456674,2831223.9486124464,2830264.0021884665,2839082.970428115,2866378.3190117753,2847906.0796464267,2853598.2696425845,2831814.48033491,2843528.454288042,2849809.189608367,2873337.987706612,2876960.5059684636,2879679.943385088,2904308.568560681,2913158.0032431586,2945232.3160425844,2934091.8703619493,2911104.45626493,2890346.799962923,2895229.2377407686,2893536.0968386168,2905112.8333338522,2902737.2755719433,2904476.9070352595,2925911.332267294,2936035.803384066,2919185.8962712404,2946160.5751202675,2960151.6727596167,2965699.773323709,2963717.0272710426,2988137.9950845763,2978297.0843727123,2978813.9662387976,2992902.104075274,2994537.2492286987,2993972.275254778,2994219.5308231567,3002710.5204065293,2996423.5237549404,3006701.4832224366,3002129.9732815875,3000898.337977477,2993448.4129492957,2979632.446027309,2977954.1325381976,2972229.8407585053,2974909.538137653,2963053.9265375556,2962477.354061808,2953038.947092964,2959855.350305176,2953964.152087422,2954425.736084563,2955368.7966802646,2961745.495093773,2967648.8369915034,2959187.61958915,2968475.5401333747,2965045.4192721555,2965131.8057747097,2969034.1008546413,2969720.343211277,2966370.9512898447,2963817.8402087963,2962502.711120388,2963472.3380621118,2960828.635408498,2965706.329286536,2966168.5915159076,2965116.6831983286,2965634.7490893845,2967865.2108103116,2966623.873490451,2968233.7345035183,2966950.6060274495,2966190.8081240435,2966511.5521251094,2965400.637731008,2966304.6658587647,2965990.731802601],"rtt":[0.6186309743340224,0.5234556098901865,0.509017917023912,0.47023739544462245,0.43646391459138284,0.3949326705655587,0.3699372806953347,0.3585078463735975,0.34598356033766664,0.33314215604231623,0.3282396222424257,0.3155936803515196,0.3005584089222703,0.29336774523763576,0.2783204309422349,0.2632414539122484,0.2590849332929669,0.2696477720198189,0.26175269388604966,0.2506426324427406,0.24746812313197042,0.2419547664767217,0.23205426553876712,0.22744544289565455,0.21911958106585894,0.2167310713708527,0.20657756315229076,0.20288590593614983,0.20354281367556226,0.20207000603822886,0.19569428508158507,0.19240654268410834,0.1924760948323613,0.19376000361751905,0.192746055101968,0.19408103627680456,0.19321084759094453,0.19196897498499493,0.19055210367634373,0.19094081870747776,0.19061372620125036,0.1905897502962693,0.19093070814175295,0.19179523838035145,0.19212771693404243,0.19342451554187656,0.19175541225785592,0.19257803136036866,0.19331210733858228,0.19454124027433498,0.19480132024625182,0.19663018976030783,0.19591642076039997,0.19654948857215065,0.19733700503521673,0.19709983249826316,0.19660852551989105,0.19644068609436083,0.19676469705808108,0.1960134779646273,0.19652177213318203,0.19574806890976193,0.1961027495762395,0.19561712931426758,0.19486676035409226,0.19453594544940161,0.194294529131573,0.1941499562126555,0.1938799019402612,0.19358011117946017,0.19344828538901246,0.19378322112545937,0.19310725925105557,0.19346466389489644,0.19363671892896475,0.19386869637824763,0.1941763231231309,0.19408005056827984,0.19420607979298993,0.1943675885959855,0.19401972130325323,0.1942063654514029,0.1940091578497477,0.194205720742494,0.19384887717033628,0.19437394207968087,0.19387550211069618,0.19408981919063148,0.19397574843406631,0.19417435639449232,0.1941970843332087,0.19419770596459343,0.19435927748441245,0.19472966330239944,0.194248902361029,0.19434877741451576,0.1943597745233095,0.19428073969815438,0.1942131021055203,0.1944908751705487,0.19449317827111845],"utility":[31.68150807015297,31.848790200074042,31.86977944303985,31.930339734947417,31.997078661305657,32.074444342115605,32.127995173405736,32.15435682107416,32.191606502663724,32.2254020467783,32.22732797857114,32.25125644385154,32.2963713859569,32.297240839726356,32.3284058062955,32.36937590777953,32.3724425333404,32.33901766791785,32.36020617325697,32.38942990026621,32.39760804536144,32.419324751115276,32.45106692798874,32.4704016928587,32.50656374661106,32.51263935638444,32.55379919775737,32.56326387271725,32.56506725511046,32.572227418098834,32.605277581966966,32.61866731165273,32.61898766302113,32.61858505840561,32.62583286633092,32.627182690652816,32.62732838943005,32.62705954595358,32.626444972823485,32.62551087679562,32.626165192742604,32.628670337882916,32.62716429395027,32.6238139208305,32.62732431282297,32.62298319473198,32.62537608979531,32.628886941683305,32.62742492910411,32.623628364731196,32.622065953309985,32.61855463679954,32.619123969484264,32.615682241271585,32.615582997750366,32.61693212432461,32.61902888321136,32.618274812630915,32.618828013155195,32.620671930344194,32.619876537757605,32.62234523943356,32.61829495060851,32.619368487777415,32.619311566557506,32.62049454977231,32.62058173084083,32.621744629028846,32.61918311324857,32.620887127387036,32.6197769420433,32.61937306594704,32.62121775235268,32.61935980947264,32.61847743031576,32.619327219091765,32.618526156047544,32.617569888286305,32.619181016885406,32.617518266888844,32.61928359080747,32.619186929282186,32.62061342943645,32.61785052078521,32.61908697507874,32.61583563383626,32.61817459283126,32.6162932241193,32.61840966084813,32.617027792269866,32.61699940093239,32.616801854969594,32.6164678209573,32.61460690174719,32.61740321155879,32.617191912045485,32.61626267844378,32.617224834414856,32.616583443702346,32.61619601319696,32.61617846686901],"trainer_config":{"iters":1000,"updates_per_iter":5,"num_minibatches":4,"min_point":{"ack_ewma":"0ms","send_ewma":"0ms","rtt_ratio":1.0},"max_point":{"ack_ewma":"500ms","send_ewma":"500ms","rtt_ratio":5.0},"min_action":{"window_multiplier":0.0,"window_increment":0,"intersend_delay":"0.25ms"},"max_action":{"window_multiplier":1.0,"window_increment":256,"intersend_delay":"3ms"},"hidden_layers":[32,16],"entropy_coefficient":0.01,"value_function_coefficient":0.5,"learning_rate":0.0003,"learning_rate_annealing":true,"clip":0.2,"clip_annealing":true,"weight_decay":null,"discounting_mode":{"type":"continuous_rate","half_life":"1s"},"bandwidth_half_life":"100ms","rollout_config":{"network_samples":100,"run_sim_for":"60s"},"repeat_actions":{"type":"uniform","min":0,"max":200}},"network_config":{"Remy":{"rtt":{"type":"uniform","min":"100ms","max":"200ms"},"bandwidth":{"type":"uniform","min":"10Mb/s","max":"20Mb/s"},"loss_rate":{"type":"always","value":0.0},"buffer_size":null,"num_senders":{"type":"uniform","min":1,"max":16},